dataset,graph_id,source_index,split,n_nodes,n_edges,graph_hash_sha256,source_loader,source_name,source_ego_id
twitter,twitter_graph000001,1,train,237,2046,a578e2cfd52ba2de3800c6776557b1677b980c72a381e9efd528ed6a1a15d0c0,snap_twitter_tar_parser,ego-Twitter,12831.0
twitter,twitter_graph000002,2,train,232,2487,d8bd7150c93320b1e6558b3d96963977b3155ce579a65eb9cdaa67afa4ef5026,snap_twitter_tar_parser,ego-Twitter,78813.0
twitter,twitter_graph000003,3,train,127,621,0313ccec5cf8cc4b9930d381e1a07d717b9e9bcbad069a5f930f6e46ef8ca7f4,snap_twitter_tar_parser,ego-Twitter,356963.0
twitter,twitter_graph000004,4,train,66,994,86b9e8322996e6df77213211a7618644741e441473c11aeee1f8c8bf41610fe9,snap_twitter_tar_parser,ego-Twitter,428333.0
twitter,twitter_graph000005,5,train,77,1010,c534cc1cfd8fb674f32893343d3cbd688b716016f6f4eca092fbd3d68aba812d,snap_twitter_tar_parser,ego-Twitter,612473.0
twitter,twitter_graph000006,6,train,89,792,6812d87a5244439d2da40d726b2f4ebf0f29a75037dd644e9186f34b18c58913,snap_twitter_tar_parser,ego-Twitter,613313.0
twitter,twitter_graph000007,7,train,107,544,2d3a9136f3402f8029149550c297bf77a694338e9393a9613bde6f549453ecc7,snap_twitter_tar_parser,ego-Twitter,623623.0
twitter,twitter_graph000008,8,train,160,955,0f2941707453fb8c74cf1127b584c9bc485be32c1adf3314333ab20e41d10f4a,snap_twitter_tar_parser,ego-Twitter,629863.0
twitter,twitter_graph000009,9,train,10,43,d57d80962ba4626f06c6357b6a8ffdb992561bcf6786571c651cf656d05ad700,snap_twitter_tar_parser,ego-Twitter,734493.0
twitter,twitter_graph000010,10,train,58,634,c1986d17bfb72ce3abee48a48713f31e58dab7ec413a4555dff1f25de6efb3b9,snap_twitter_tar_parser,ego-Twitter,742143.0
twitter,twitter_graph000011,11,train,243,4614,cc82414e9d444aab0f4bc6206f71b0dc04b33b1b5f782c59812aae102cd25422,snap_twitter_tar_parser,ego-Twitter,745823.0
twitter,twitter_graph000012,12,train,116,662,fb31b57438a489ed942b2cb99d1d39705922d403f0f68eb42ad16b7b88a7809c,snap_twitter_tar_parser,ego-Twitter,759679.0
twitter,twitter_graph000013,13,train,188,2361,a1984af3d93c837385255b5c584b74eb906a9d35ede51fa1596412d5bb034c31,snap_twitter_tar_parser,ego-Twitter,778446.0
twitter,twitter_graph000014,14,train,184,2747,f49ba130bfad663cf3cd98d5ef239f7383cabce2390c2b3a709564e1a142846e,snap_twitter_tar_parser,ego-Twitter,779715.0
twitter,twitter_graph000015,15,train,139,972,b27becbd8b82227775388499a2996990bfeaf1e5c53e110ea2b6b680cefe021f,snap_twitter_tar_parser,ego-Twitter,789071.0
twitter,twitter_graph000016,16,train,217,4082,628d72c9b911550f5cb1b866e8119791c6e387e3bfa62f7dc49a9263aaeb14bb,snap_twitter_tar_parser,ego-Twitter,790205.0
twitter,twitter_graph000017,17,train,236,2847,4a331ee2ed31bf1830792f6f2802cfa524759e039ec055442c22b0f82687cc8c,snap_twitter_tar_parser,ego-Twitter,809864.0
twitter,twitter_graph000018,18,train,92,1708,9f805f31f74d18346815fb5ae25515229c6dc6cabeef1e2a3d4ca73e65775e23,snap_twitter_tar_parser,ego-Twitter,819800.0
twitter,twitter_graph000019,19,train,203,3876,614571e308d281f6bd748f3a9b695c6253cbcbc3ea6e6e5be3ab3e60d4a8599d,snap_twitter_tar_parser,ego-Twitter,926981.0
twitter,twitter_graph000020,20,train,129,1183,324e7135e6b4d2365be33ade0bce1d274661f4d0c2376da67996c1b8abd166c5,snap_twitter_tar_parser,ego-Twitter,1046661.0
twitter,twitter_graph000021,21,train,56,665,ad5491dfb5475a14dead72d251ca84acaf3a199e033967ebf5d19b6c82de5883,snap_twitter_tar_parser,ego-Twitter,1239671.0
twitter,twitter_graph000022,22,train,237,3445,a3941e66d72c232d119eb1730771561eb082494f35759f92a8f86990f8aa8302,snap_twitter_tar_parser,ego-Twitter,1271901.0
twitter,twitter_graph000023,23,train,240,6920,463e048696a29ce97e348bbedd31bb166890bdf4206b056e1b03a79842fd40a7,snap_twitter_tar_parser,ego-Twitter,1367531.0
twitter,twitter_graph000024,24,train,224,3473,5dcd78cbe00601bfcd4f845dc04d582bd8023725d7ce70ba4ec8973bd429729a,snap_twitter_tar_parser,ego-Twitter,1422311.0
twitter,twitter_graph000025,25,train,130,5986,b698aa8fdd175d96f04c7f1be13ae9e971958f2c92d61986c4ae1f6a26e19cb4,snap_twitter_tar_parser,ego-Twitter,1435461.0
twitter,twitter_graph000026,26,train,180,2338,1c16045847c25c1b576db385270de406d3e652f4af5e3c34d06b45a2f650d45d,snap_twitter_tar_parser,ego-Twitter,1548841.0
twitter,twitter_graph000027,27,train,193,3704,803e7dc8ef96ebbe6328a02a7a3dbc92d0d78c020b73f90fc398216026849cb6,snap_twitter_tar_parser,ego-Twitter,1608991.0
twitter,twitter_graph000028,28,train,47,469,e88525a4c9ee26227ec80af03c90f04394174e2d3aa27c473dfd1ef593bee5ce,snap_twitter_tar_parser,ego-Twitter,1775731.0
twitter,twitter_graph000029,29,train,144,2079,09b2ffed07d26aa6566cbdc01563ba8da8119b0bf33516aa99d1920442901088,snap_twitter_tar_parser,ego-Twitter,2029971.0
twitter,twitter_graph000030,30,train,231,7566,95c296afbdf4c47ed801fa14a3f4a79b8230491ddae3a0911b3d9981095bb0c1,snap_twitter_tar_parser,ego-Twitter,2097571.0
twitter,twitter_graph000031,31,train,68,414,81a1529c900d78e0941e05a1f25f5e2d62e2d34122fdf6de27ace20699717221,snap_twitter_tar_parser,ego-Twitter,2257971.0
twitter,twitter_graph000032,32,train,215,3644,143c86aef19804c63aea553c0a23758f8ff31a1c6c464ca183d07bd030f91be4,snap_twitter_tar_parser,ego-Twitter,2363991.0
twitter,twitter_graph000033,33,train,209,1078,06c186aab0d83bfdcf42fe4f79e6681d4db98dc7a9f1bf9c15a8c107609afead,snap_twitter_tar_parser,ego-Twitter,2576401.0
twitter,twitter_graph000034,34,train,173,2586,a6a47b761176124cc2b8aec2a6eb009cf81253631015b47d093d2da653123e6a,snap_twitter_tar_parser,ego-Twitter,2589521.0
twitter,twitter_graph000035,35,train,128,1007,d98267211426522779a25e12202d592b57cfd92993de0d3e3128ab210eaa04ed,snap_twitter_tar_parser,ego-Twitter,2841151.0
twitter,twitter_graph000036,36,train,54,395,388a5b525a98bf2dacf9197a3ee9867d5f916a01154a1ddb2621769237b287d0,snap_twitter_tar_parser,ego-Twitter,2890961.0
twitter,twitter_graph000037,37,train,196,1869,bc7713832f30683f302bc9f7a289f5ecefc58b5c41d5080db7e4a5a2d0c7e7d9,snap_twitter_tar_parser,ego-Twitter,3245291.0
twitter,twitter_graph000038,38,train,148,2719,6da178f77c891818ed49a0cbcf51a78295029ece0993227191ef8e7cafd512d7,snap_twitter_tar_parser,ego-Twitter,3253671.0
twitter,twitter_graph000039,39,train,62,267,d2f8644a133832603095a3671d554df799be57ce1fa325c8cb5cec1a897d12a5,snap_twitter_tar_parser,ego-Twitter,3338681.0
twitter,twitter_graph000040,40,train,107,732,ed137ca4d31bfef411414e2644819f8d034940fd54145323c6d5d9af7112e9e1,snap_twitter_tar_parser,ego-Twitter,4258591.0
twitter,twitter_graph000041,41,train,108,551,3ab7a921296c2ddf28f1446528468784a52999c9e249801d5b366702cc1f2381,snap_twitter_tar_parser,ego-Twitter,4387041.0
twitter,twitter_graph000042,42,train,181,1671,7bc82600eca28e969ad9814dedff5ea2872a3c9e97bdc11d1835e7b716265d9f,snap_twitter_tar_parser,ego-Twitter,5471892.0
twitter,twitter_graph000043,43,train,88,626,ae9a25703178396fc8b2dff3cecd43cf7bfd3405e20eef1a15cd2b9980688dfd,snap_twitter_tar_parser,ego-Twitter,5506012.0
twitter,twitter_graph000044,44,train,201,1960,0c463379f81368a79a7c9add1aa22178c1700d5f202d3379fb59ce381dfa50c2,snap_twitter_tar_parser,ego-Twitter,5539522.0
twitter,twitter_graph000045,45,train,65,613,daac6a58a0e71f0bace719d4748709959a946c9e615bd1f9328c50a25bb7c644,snap_twitter_tar_parser,ego-Twitter,5747502.0
twitter,twitter_graph000046,46,train,102,942,c7b647d7885cd42061c75334c61fbb1d39ab87f1fcf903ff616deae8f1db8c7e,snap_twitter_tar_parser,ego-Twitter,5773532.0
twitter,twitter_graph000047,47,train,130,2315,1e01a6e84d718755d78a7c7add51e53b4a497342c88329979fcdc50f59b3e18e,snap_twitter_tar_parser,ego-Twitter,5774432.0
twitter,twitter_graph000048,48,train,94,1465,fd453261c0e535ddd1060faf9ca1aa683169c314ec1c8af1faf2731a504db032,snap_twitter_tar_parser,ego-Twitter,5868402.0
twitter,twitter_graph000049,49,train,97,463,b224d1228c6b40d92db1a19332086e7a8f38640709f1ca39805f587a66649a2c,snap_twitter_tar_parser,ego-Twitter,6018292.0
twitter,twitter_graph000050,50,train,206,1877,c0acccbf919b5a2f3b2697b050a3a3a44e7fa00ebe69a1535dfb00acbac3528c,snap_twitter_tar_parser,ego-Twitter,6165372.0
twitter,twitter_graph000051,51,train,30,336,71b0027ecd2d9a432d3ff6100cdb68eca927dd2da2f75a34ca62a1ae4226ff19,snap_twitter_tar_parser,ego-Twitter,6253282.0
twitter,twitter_graph000052,52,train,206,2593,a92d7781a45f3c08149538ed4797fc74d38d8e93bbab90f0198f25a895c00fcc,snap_twitter_tar_parser,ego-Twitter,6297852.0
twitter,twitter_graph000053,53,train,199,2408,acb11bfb5cd37b757eb39fbf723e68b4e58b15926a5e002bd4a31d9f4ffc68bc,snap_twitter_tar_parser,ego-Twitter,6351572.0
twitter,twitter_graph000054,54,train,152,2503,aef8d33befebe3f2882b0e39dcae1a5467265e2609e51de6ba112ca5ade41b78,snap_twitter_tar_parser,ego-Twitter,6408382.0
twitter,twitter_graph000055,55,train,41,110,ec085a51e5ca267967e386a4d9e31633c410141882d62852e457ed4256b676d5,snap_twitter_tar_parser,ego-Twitter,6650612.0
twitter,twitter_graph000056,56,train,98,688,31e191d1d9af8db0130e9885b53ffa418d7b44600ddc938fdb6477e1fcfa1dcc,snap_twitter_tar_parser,ego-Twitter,7098022.0
twitter,twitter_graph000057,57,train,19,97,1f5ad66fc20a02006fa557a5b20d009bc2fad29f49a0952f691b99850f82ba54,snap_twitter_tar_parser,ego-Twitter,7144422.0
twitter,twitter_graph000058,58,train,35,425,5d22fe715704d06315afe510148dcbc1c781415f266ed0b4e90cf6d0bdfc6bc0,snap_twitter_tar_parser,ego-Twitter,7424642.0
twitter,twitter_graph000059,59,train,145,3965,6def1cd4a876a28e140185ef883acda84e931155a6d2c6e1b278bea33e3b4db3,snap_twitter_tar_parser,ego-Twitter,7517222.0
twitter,twitter_graph000060,60,train,245,2966,f420df778edaad67941287cc951bab797a9002d3a5f0e773f5aa750c6ec40491,snap_twitter_tar_parser,ego-Twitter,7668362.0
twitter,twitter_graph000061,61,train,99,1416,13534ebc1f37d47796df3420d788cdf352ac5c6bc609e72e208d275e37c08f56,snap_twitter_tar_parser,ego-Twitter,7670202.0
twitter,twitter_graph000062,62,train,221,4252,13e08b5210d8805b9b2a7bfec08fd649d3bf9d13ce5da6d0166aa710c0117d9c,snap_twitter_tar_parser,ego-Twitter,7682452.0
twitter,twitter_graph000063,63,train,221,3663,6b5718de11c5e2e7ebf5c581d2b81b81789aa519b4983fb140dbbfd26f680434,snap_twitter_tar_parser,ego-Twitter,7861312.0
twitter,twitter_graph000064,64,train,178,3985,2407162efedde7049a9cff5cf26d05c811822b2a007671716f52662ce115308e,snap_twitter_tar_parser,ego-Twitter,7875912.0
twitter,twitter_graph000065,65,train,121,1054,c30dc1d7f1a7765d8dc476739e17ed2e4f6dbeb9cd671ca1078e4a911f88dd39,snap_twitter_tar_parser,ego-Twitter,7888452.0
twitter,twitter_graph000066,66,train,239,3344,90da76bed11c5670d4b589b1cbb583e179feee43a3747df8d2d47c9899b6efe1,snap_twitter_tar_parser,ego-Twitter,7890392.0
twitter,twitter_graph000067,67,train,141,2251,bf2b4d2fd68a6c98bf34044b93d2e8765818938891cdffa1f1b447a6112d1df4,snap_twitter_tar_parser,ego-Twitter,8079892.0
twitter,twitter_graph000068,68,train,130,750,7b35cce38c5bc11216465fe55f79a8e2794e5c5d3201448998c9868496356503,snap_twitter_tar_parser,ego-Twitter,8768832.0
twitter,twitter_graph000069,69,train,237,4357,7ce1b2ff4a7a52e1cf8ca37da421cddccd5ea05a594cc9dd71d6457248bc2c84,snap_twitter_tar_parser,ego-Twitter,8914942.0
twitter,twitter_graph000070,70,train,227,1950,6a95ec800b370281abfe5870aac93934705ef85ce32114dc386a18138b0d4416,snap_twitter_tar_parser,ego-Twitter,9215692.0
twitter,twitter_graph000071,71,train,156,1485,4113535e5b4933da65af7d51740292f3131e432fcb3bd1b6ca3a6e1a7cc5206b,snap_twitter_tar_parser,ego-Twitter,9254272.0
twitter,twitter_graph000072,72,train,183,1829,9901ad4997074438ad68834a3d92fa5b7ff796ea8e735c129fb0b7cc2f796adf,snap_twitter_tar_parser,ego-Twitter,9298152.0
twitter,twitter_graph000073,73,train,89,1520,355445bcbaf4d77a6efa8c2e1240880ae8aafd113a1c2c35afca5c41faa43dbb,snap_twitter_tar_parser,ego-Twitter,9460682.0
twitter,twitter_graph000074,74,train,144,2347,30534ca66197e3eb24e81d4ecea3b54f23b517f56c6402f09005515dc816e35f,snap_twitter_tar_parser,ego-Twitter,9524062.0
twitter,twitter_graph000075,75,train,16,65,e486c2dc24c25464168cc19d5102aa9c05d97479a6ee029c7b45133abbea63b6,snap_twitter_tar_parser,ego-Twitter,9855382.0
twitter,twitter_graph000076,76,train,96,733,54309005f288e4925c324e150ed3b2c70052880038a50ea3312cb9cc137a5ab2,snap_twitter_tar_parser,ego-Twitter,10146102.0
twitter,twitter_graph000077,77,train,171,1610,fad3734e92c9e0319d872b17a7247478709bc00ee54eeaf77bfc9618578753ab,snap_twitter_tar_parser,ego-Twitter,10798802.0
twitter,twitter_graph000078,78,train,166,900,92e051df3bd93e6f4963a4a32c29fba9c234440902ed496625e9a7ccfee98113,snap_twitter_tar_parser,ego-Twitter,10985532.0
twitter,twitter_graph000079,79,train,184,2711,b467e9283629243386574eb58527980c64ee2122e8a1a021efb2bcfd7f448bf5,snap_twitter_tar_parser,ego-Twitter,11027262.0
twitter,twitter_graph000080,80,train,119,1118,d530fc56f5a7de1a8750bef6a6b5b4b35c28df6594411d90346e4c8735c1fd89,snap_twitter_tar_parser,ego-Twitter,11136132.0
twitter,twitter_graph000081,81,train,172,4328,74f52ad024f1723c034d1d19bb7fb1ac48749a87c9cdb0d5bc1acaacff847d6f,snap_twitter_tar_parser,ego-Twitter,11348282.0
twitter,twitter_graph000082,82,train,129,3068,f00db0e1f2ee63600987598d487baf3ca675217e6dbfe937d1599cbd19d93f8f,snap_twitter_tar_parser,ego-Twitter,11348722.0
twitter,twitter_graph000083,83,train,124,841,1a8ed701336941762ef6522b2b23f90c3eb4db33f80933e0550b9835d5ecb8ae,snap_twitter_tar_parser,ego-Twitter,11681802.0
twitter,twitter_graph000084,84,train,85,547,f80b863a964cb7f4f2f10498b4082030ece67f9af2b79939769fbc983db79fe2,snap_twitter_tar_parser,ego-Twitter,11784842.0
twitter,twitter_graph000085,85,train,76,1459,a5bec463ec12410a3da243a7ff4add1361e5fc5407bbe8cdc48e01553d2aea61,snap_twitter_tar_parser,ego-Twitter,11828432.0
twitter,twitter_graph000086,86,train,33,235,91aca4a1d8bda993d9a4221bc22b45c41a9825abcc2025365f5114c677f423d6,snap_twitter_tar_parser,ego-Twitter,11928542.0
twitter,twitter_graph000087,87,train,216,3403,1c2d4974ea29c6682b59900aebca3a2e61fcc5905cc53dc065cbbefc38456fee,snap_twitter_tar_parser,ego-Twitter,12069912.0
twitter,twitter_graph000088,88,train,140,1293,d4025a75feaadffc8e5c08d22ddcae426e0ed530b003929c614c678609420b2d,snap_twitter_tar_parser,ego-Twitter,12152402.0
twitter,twitter_graph000089,89,train,113,1689,424d27b25ab762f3f6fdc0069ef3316a0aecfb2a2ea55710bebae0c162afe97d,snap_twitter_tar_parser,ego-Twitter,12415722.0
twitter,twitter_graph000090,90,train,136,1214,6879641d1566d63e8c8a43c01611b3416a0ea4c2010bc467c9f96cc41ab773cf,snap_twitter_tar_parser,ego-Twitter,12570812.0
twitter,twitter_graph000091,91,train,131,1420,9caef6ed063243edd7772d2c728095eaafba8e054caa2ec78997c5845ab4e1a8,snap_twitter_tar_parser,ego-Twitter,12771872.0
twitter,twitter_graph000092,92,train,217,2759,91e64901ba3e69dae093a001cd8247075b44e1878278c6d6784b0dfcb6691c31,snap_twitter_tar_parser,ego-Twitter,13179562.0
twitter,twitter_graph000093,93,train,171,1891,0455b4cca9400cd73e66b62cc729121926b3a85af3bff8271ad1712f5bcc0cc3,snap_twitter_tar_parser,ego-Twitter,13212502.0
twitter,twitter_graph000094,94,train,211,1115,ad31b4e6129ab86f6666bc6e54f65c92f0fa56ecaa34cf28bc9e473bcd6136c8,snap_twitter_tar_parser,ego-Twitter,13274152.0
twitter,twitter_graph000095,95,train,144,2589,dfdd7804d087686c6ce611a116d5929730ee68d7712e42dca53259b318186113,snap_twitter_tar_parser,ego-Twitter,13275962.0
twitter,twitter_graph000096,96,train,168,1894,a731becf256e1d9dc422c3d790c54b5923d36d7519c23340b8ba6caf9ebce049,snap_twitter_tar_parser,ego-Twitter,13317162.0
twitter,twitter_graph000097,97,train,58,479,c1d72aff82fd1aaf0b8728b91386616090ed328342683ba8035cec2e376704d5,snap_twitter_tar_parser,ego-Twitter,13460312.0
twitter,twitter_graph000098,98,train,174,1919,28534cb252612a9e937ce4417c2af770c83c877af28593fdcd7c238dddfd1d9d,snap_twitter_tar_parser,ego-Twitter,13649212.0
twitter,twitter_graph000099,99,train,73,516,75122ece25434d4cb59e7a316a64d6111164e392ef479e9ffbe7af60dddc272c,snap_twitter_tar_parser,ego-Twitter,13747362.0
twitter,twitter_graph000100,100,train,213,2645,5c1f08386f30942848f4bcc8286696e6d488ce9ea4a94c053b9d2987b2e525d3,snap_twitter_tar_parser,ego-Twitter,13809612.0
twitter,twitter_graph000101,101,train,212,5494,c59b28d7d4b5ad25f5f820b256b766702d0e31f99c25257c879925cb6ede8109,snap_twitter_tar_parser,ego-Twitter,13811562.0
twitter,twitter_graph000102,102,train,165,4121,00598ca9dac998abb2f54a96c3fcacceadd881c0a42d0665b9d36dae8861c468,snap_twitter_tar_parser,ego-Twitter,13837812.0
twitter,twitter_graph000103,103,train,151,2701,273223585f7df1c640ae7096d551d4be8f07b7d1ddb59b271c2f4ce049cf9064,snap_twitter_tar_parser,ego-Twitter,13872872.0
twitter,twitter_graph000104,104,train,143,1625,0007c9adf3f81977e4a12f8f6a7d091d86f433fa391c1823e5b575005dc309a3,snap_twitter_tar_parser,ego-Twitter,14045302.0
twitter,twitter_graph000105,105,train,205,1930,696edbbc0e401cc7575c1213cfd37f057e54314207d180c3fde53ff8a55d5833,snap_twitter_tar_parser,ego-Twitter,14058831.0
twitter,twitter_graph000106,106,train,187,1950,3603c0e46ef6a23a7974654006cc162e4b549f37eedadb93a3b6d463339311c7,snap_twitter_tar_parser,ego-Twitter,14060856.0
twitter,twitter_graph000107,107,train,226,3510,27e5201ee837424f2cd7c77126eb00f79fab00a2a8547cad71a76559f3255652,snap_twitter_tar_parser,ego-Twitter,14077024.0
twitter,twitter_graph000108,108,train,113,2893,9755d4526201062c6ad1192c84c3ccf285e2d310cff81ace7b2e587ad5c43282,snap_twitter_tar_parser,ego-Twitter,14120151.0
twitter,twitter_graph000109,109,train,142,900,89e1845344c6c7c19817e41165408246a246094ae3823300dbab23ed2f5336c9,snap_twitter_tar_parser,ego-Twitter,14120253.0
twitter,twitter_graph000110,110,train,181,1003,a16875b518505ca42baefad47003e561f1bd5720f343675baeaaa30f278e63ff,snap_twitter_tar_parser,ego-Twitter,14129601.0
twitter,twitter_graph000111,111,train,241,3741,36ede7f68042c75f2f40189b14e2be2dfe601c10883a0368327aa55f8c74290c,snap_twitter_tar_parser,ego-Twitter,14134942.0
twitter,twitter_graph000112,112,train,70,746,747d0f690a1592385c281cdec28537a0477fce6f1ba2c61f66e0f0cece80385f,snap_twitter_tar_parser,ego-Twitter,14147754.0
twitter,twitter_graph000113,113,train,48,219,3396ccf88b52a922ed236a8abb0f1109826e413186adfd772870191329269ebe,snap_twitter_tar_parser,ego-Twitter,14150874.0
twitter,twitter_graph000114,114,train,135,1272,706431998ab9ae07b9498980d86ffda9513661b1c0c204bdbb5bd23c91599ee6,snap_twitter_tar_parser,ego-Twitter,14191254.0
twitter,twitter_graph000115,115,train,134,3331,098aaced256bec87fc874a249f390747581853e9160b39670f1a57306d616db9,snap_twitter_tar_parser,ego-Twitter,14199378.0
twitter,twitter_graph000116,116,train,216,2779,2018b085a531322c9479cebd30cb86cd80519082168d01c592dfa7ea688e3631,snap_twitter_tar_parser,ego-Twitter,14203895.0
twitter,twitter_graph000117,117,train,227,1609,e94975db0dda783612b07dab6104151f2cc858af4161a0039f0ac341115c3f98,snap_twitter_tar_parser,ego-Twitter,14256927.0
twitter,twitter_graph000118,118,train,137,2241,bc07f59e620ab2d8979087ac781699d2aa4530fd8720dde2fecf0f35a77414f0,snap_twitter_tar_parser,ego-Twitter,14313005.0
twitter,twitter_graph000119,119,train,43,129,e6c9e99588d70d5deb0fee986c0391b2cccb80b4afb41b398797bf0094cd927e,snap_twitter_tar_parser,ego-Twitter,14327149.0
twitter,twitter_graph000120,120,train,135,1304,ec65d9fb8b041cbf3ed8bbcab26ad49a9ea2ae4c8f72cbb4dc43018662e889d6,snap_twitter_tar_parser,ego-Twitter,14332288.0
twitter,twitter_graph000121,121,train,216,2639,ab05694f502114c5c4cc1e2ef1101992175e1211cbca373205547b0e39f25bdd,snap_twitter_tar_parser,ego-Twitter,14338082.0
twitter,twitter_graph000122,122,train,234,3951,83f4567bfbfe90f2d73f56e16b6c38f99c8c789f2053993702580b5178c3df94,snap_twitter_tar_parser,ego-Twitter,14353392.0
twitter,twitter_graph000123,123,train,165,1107,8ae40e4bf33fe28c84329c5da8428227c7f85703a49d60b9d5b42a4e1819bf37,snap_twitter_tar_parser,ego-Twitter,14365883.0
twitter,twitter_graph000124,124,train,185,2310,c44d0555cf47d699799d1f402738b3b869481c948c0e273182aadb66a220a5ac,snap_twitter_tar_parser,ego-Twitter,14371740.0
twitter,twitter_graph000125,125,train,63,1002,d158d4a0745a05ccaaf5ba95492f133f2aac2887d75ee9bfa91468727da61784,snap_twitter_tar_parser,ego-Twitter,14372486.0
twitter,twitter_graph000126,126,train,157,1098,ef93df35f4f14a3200df7e28a022019bb469bec2a212f57f86ac010f41530b84,snap_twitter_tar_parser,ego-Twitter,14372763.0
twitter,twitter_graph000127,127,train,78,470,eaaac931d87e17beb07059852c7a41fa244a9ae1d70c193719d2e98c8850f682,snap_twitter_tar_parser,ego-Twitter,14404235.0
twitter,twitter_graph000128,128,train,218,1751,09a1b6646d29e6db7d4477b36bbb589e66e6391d89e81232bb81362d07cfc98a,snap_twitter_tar_parser,ego-Twitter,14422788.0
twitter,twitter_graph000129,129,train,226,2998,fd5893b985c4201275bb94bb68184b87b9eee8aa27c949156a0961bdc25f9c74,snap_twitter_tar_parser,ego-Twitter,14426892.0
twitter,twitter_graph000130,130,train,27,222,1e880513b6848a184aadc95eed62c47c95abf23a079e107c79ab16f1c004ef2a,snap_twitter_tar_parser,ego-Twitter,14505838.0
twitter,twitter_graph000131,131,train,65,408,77c72926c7a8827c015fcd9bb831d0ae2ea2614fe278f8d50363a5d55d952c58,snap_twitter_tar_parser,ego-Twitter,14521330.0
twitter,twitter_graph000132,132,train,115,1232,1795942de94659b69375f6706ad72669be5757ce729d8e3a5e3d557af8e7e97d,snap_twitter_tar_parser,ego-Twitter,14528221.0
twitter,twitter_graph000133,133,train,134,1334,d899962b9ffb7de46b5a6d906f7fd1cff0897f507664cdad0e8dad3ed6c106c3,snap_twitter_tar_parser,ego-Twitter,14550962.0
twitter,twitter_graph000134,134,train,148,728,d8c0de288777029b5fcd5500222b547cfa2d796d718c3727112075276cfb014e,snap_twitter_tar_parser,ego-Twitter,14555534.0
twitter,twitter_graph000135,135,train,76,502,ece8ffdf8bf2985dbc9f8aeae68ddd52d56a633c54065d70ad558c57f01d642f,snap_twitter_tar_parser,ego-Twitter,14618160.0
twitter,twitter_graph000136,136,train,205,1274,c2717274a33d65442777a47989d59154cf13e44a841931c18ce5187b27e649af,snap_twitter_tar_parser,ego-Twitter,14630490.0
twitter,twitter_graph000137,137,train,234,5638,0f69ba5b63a1513406c465747384189917f197cef10f2ce83ba2524941e99ea7,snap_twitter_tar_parser,ego-Twitter,14677919.0
twitter,twitter_graph000138,138,train,7,11,e12cbb72f5bfe4b735064ae7569dbb1afee4e4fc0a719ddb8db6d2506d37dfbd,snap_twitter_tar_parser,ego-Twitter,14711172.0
twitter,twitter_graph000139,139,train,94,402,f76c9821f9743a73005541e822cace24b65df3b3352e27d0b2cfc9e86148a9d1,snap_twitter_tar_parser,ego-Twitter,14719129.0
twitter,twitter_graph000140,140,train,150,1739,f60f6282a8b2d73d31a47495734dc26534dd12d3e064b261ccad8b90c653b62f,snap_twitter_tar_parser,ego-Twitter,14755105.0
twitter,twitter_graph000141,141,train,143,2927,add17757f81258114802d7a0f2fdff54c048b0557f298907370e8dbf7abbba32,snap_twitter_tar_parser,ego-Twitter,14791232.0
twitter,twitter_graph000142,142,train,224,1856,9a84413e3df2e650adf7f240ddb2cc903caa222badc11ab725a1691401c6c8f8,snap_twitter_tar_parser,ego-Twitter,14794851.0
twitter,twitter_graph000143,143,train,200,2832,212336a424171e44cebfbb5bc926f8dc08ab8e2ddb0669c62a0b1dc107760b90,snap_twitter_tar_parser,ego-Twitter,14807093.0
twitter,twitter_graph000144,144,train,91,313,157a68f31d26c3a7e9e48b15d4deeed39f90cf1736907aa1aef467b09ef1a91b,snap_twitter_tar_parser,ego-Twitter,14827526.0
twitter,twitter_graph000145,145,train,197,4878,2d9e9a734c7e113818ed96969442533d8f2c43a72d624470e3e5436ba71b8236,snap_twitter_tar_parser,ego-Twitter,14836915.0
twitter,twitter_graph000146,146,train,120,713,403579efe42dbde98f350a762581f5dbb19c90e20a63e96bcab55126941f7afd,snap_twitter_tar_parser,ego-Twitter,14838506.0
twitter,twitter_graph000147,147,train,73,692,bf8018634542520642a39f92143ce8c4caaaccceb0a6d6ab3f38a5a00c18d53f,snap_twitter_tar_parser,ego-Twitter,14840869.0
twitter,twitter_graph000148,148,train,57,587,7699ccb26a659479f0c7bfc782446fcfa91eee84e11b08eee54a62226fefef70,snap_twitter_tar_parser,ego-Twitter,14843763.0
twitter,twitter_graph000149,149,train,129,1950,411ef4f9eb7166a2109efd9caa43a16754c48e30be7870d81ba24bc0a3b20001,snap_twitter_tar_parser,ego-Twitter,14848513.0
twitter,twitter_graph000150,150,train,213,1542,9d6a83e698b0d759d8f08635daa9ec157f333cb49d4bcce805be5de6735b0a1b,snap_twitter_tar_parser,ego-Twitter,14849487.0
twitter,twitter_graph000151,151,train,202,1162,f5cad83f4bc22ddabc2058d0411171610c1a8e5926d4f1b0a4d82e23101cae86,snap_twitter_tar_parser,ego-Twitter,14869783.0
twitter,twitter_graph000152,152,train,155,1198,b1a44347cd57ae332b430fa98f827e5dd18dd83200fb556d3293d044056cd251,snap_twitter_tar_parser,ego-Twitter,14893314.0
twitter,twitter_graph000153,153,train,85,792,94dc5a28549138e1c89acd87ad232f12110481e36460fdd8eb976fb39f81ce52,snap_twitter_tar_parser,ego-Twitter,14917050.0
twitter,twitter_graph000154,154,train,171,2538,71db49888c69e0e8b3470c2e0c78bff8f8fabc39fcc6f9db9b11cd6cca4785dc,snap_twitter_tar_parser,ego-Twitter,14922225.0
twitter,twitter_graph000155,155,train,60,568,a304f661a6d5abbc2484cd487075cb6d5ee2b0da396dbb8fe9b62d396d803c3d,snap_twitter_tar_parser,ego-Twitter,14936377.0
twitter,twitter_graph000156,156,train,206,2949,5447e17f0580479d6e4cc6a7260d3f5c1d56968e706c25ef2417ed09befc8e17,snap_twitter_tar_parser,ego-Twitter,14957252.0
twitter,twitter_graph000157,157,train,81,559,1deac66c426ffd37dc11a4d4a2ee823c860f7b9fa37b98813d99d052abaab630,snap_twitter_tar_parser,ego-Twitter,14984096.0
twitter,twitter_graph000158,158,train,47,196,6331cf804b0733d22a06c1ab442abfdf87c763eb7243dff9327e50570ac1f8ee,snap_twitter_tar_parser,ego-Twitter,15001424.0
twitter,twitter_graph000159,159,train,199,6720,2d056a9c2d812fff3a24017ae4a3d48ec729d9394d2fb17f76aa09a816d4622b,snap_twitter_tar_parser,ego-Twitter,15012486.0
twitter,twitter_graph000160,160,train,19,38,43299aeaababe2c61b8dbf3ea767ab4af11f0f43f37833ae412c7094e1faf253,snap_twitter_tar_parser,ego-Twitter,15053535.0
twitter,twitter_graph000161,161,train,208,2951,8c2a2f52dfef7047a7af93f98e3b953c1f1dcba40a57912da1206dd22ef6574c,snap_twitter_tar_parser,ego-Twitter,15070932.0
twitter,twitter_graph000162,162,train,103,766,185cc47897b6b9915f24599c69e49c11fdf77f4bd179825c03fdb84a44254e99,snap_twitter_tar_parser,ego-Twitter,15099384.0
twitter,twitter_graph000163,163,train,96,632,436f36f64bdaad92f46afeb3a9c709d29201ece3c5af7f3a108b821292b44a29,snap_twitter_tar_parser,ego-Twitter,15129912.0
twitter,twitter_graph000164,164,train,163,1113,b586a10b6aeddcb88f3ecdc4d87811268257dc261edfcc4ed71f2dc93043e3bc,snap_twitter_tar_parser,ego-Twitter,15164892.0
twitter,twitter_graph000165,165,train,203,6065,97e6a1358a912dda36d1ac028bf997a7215d8df0738cffc77111a3ad734b5a19,snap_twitter_tar_parser,ego-Twitter,15208246.0
twitter,twitter_graph000166,166,train,230,5840,04abb4d99a5a0b666659691551861e099451b642908d9248e7c62d8c7cc5ef93,snap_twitter_tar_parser,ego-Twitter,15292446.0
twitter,twitter_graph000167,167,train,247,3422,4ed4bf43f3bd369eb6f524d692a7be499fbd07b156242b448c2e8793ea81271f,snap_twitter_tar_parser,ego-Twitter,15329577.0
twitter,twitter_graph000168,168,train,123,1278,f75671c0b0fadd7fd1e0095994950c488d8b059108e92b0d61298cb9f4c582de,snap_twitter_tar_parser,ego-Twitter,15331855.0
twitter,twitter_graph000169,169,train,203,4356,f6f9a44da9b7afeaf4b430c2a98180b2af6314c1e658f91e78ab50f108708ee7,snap_twitter_tar_parser,ego-Twitter,15335809.0
twitter,twitter_graph000170,170,train,161,1518,addd938ed348b034a8e20d5a089318ed3075a9561c3e7364cfb232fd58747157,snap_twitter_tar_parser,ego-Twitter,15347317.0
twitter,twitter_graph000171,171,train,116,878,7339163d0e055e58d0352c399c629438e16d48a9d693a63631f68459d79db222,snap_twitter_tar_parser,ego-Twitter,15419775.0
twitter,twitter_graph000172,172,train,56,601,eb95eba423f9cf95b6152fe5fcc83c5b05ddd6730c2dd8f4bdae9caad71f48ae,snap_twitter_tar_parser,ego-Twitter,15420650.0
twitter,twitter_graph000173,173,train,26,195,6f076b6949930f0551791d7dc31980f16ea12d238c747a88421441e7b7a5464b,snap_twitter_tar_parser,ego-Twitter,15445811.0
twitter,twitter_graph000174,174,train,151,3068,6e22c1c0d8abbca251b2bb3dd848a9dca8bf1b887a4dc4efa0d8780df2425272,snap_twitter_tar_parser,ego-Twitter,15473958.0
twitter,twitter_graph000175,175,train,184,2666,4111dd4266f424d6a3075f05fa1735408edb17f83582a8c9adf312b9661f8fc3,snap_twitter_tar_parser,ego-Twitter,15477120.0
twitter,twitter_graph000176,176,train,226,2544,337aa3b9689bc69186a33aa372fb0e7cd2b52b46c108e47faf308eebb62722d1,snap_twitter_tar_parser,ego-Twitter,15481789.0
twitter,twitter_graph000177,177,train,234,4339,8bf94353cb0bb83e227f15bf993a739b13746d6edf61332cbabc9405c1d09b0b,snap_twitter_tar_parser,ego-Twitter,15507297.0
twitter,twitter_graph000178,178,train,153,894,91118b066f3cc7af53ab846914163148a59377bd128eb62b831d497e01424d62,snap_twitter_tar_parser,ego-Twitter,15527013.0
twitter,twitter_graph000179,179,train,66,370,e9caba21b13797b97c789a65248924ea79baca0d57c3ec235fee73317eda01af,snap_twitter_tar_parser,ego-Twitter,15533771.0
twitter,twitter_graph000180,180,train,31,158,f9d91d1ed84421efe07405482e6eafef461d6ff51c6f57207a91e685ae091131,snap_twitter_tar_parser,ego-Twitter,15589323.0
twitter,twitter_graph000181,181,train,60,274,5b2690b5ae45599b34aa259afee7683bebac0250ac6503a18810892f50a180c4,snap_twitter_tar_parser,ego-Twitter,15642031.0
twitter,twitter_graph000182,182,train,190,3591,694cb9b3ba91d519a232e848694c5103f528eff4ac3806ab201a94994d27b517,snap_twitter_tar_parser,ego-Twitter,15647676.0
twitter,twitter_graph000183,183,train,122,1612,a15f1b77b7900219bbf73a504de8dcc3908bc7fa52af6b3391b9b7811891632a,snap_twitter_tar_parser,ego-Twitter,15665127.0
twitter,twitter_graph000184,184,train,81,904,8acc55774ab2f6df7c46fe0c8d794a02ff6880ce76f6260cf631c32f08c98fff,snap_twitter_tar_parser,ego-Twitter,15706128.0
twitter,twitter_graph000185,185,train,94,703,67adbdaf8d4029c3e605b5eb7bfdc090f25331825a8d6e307515c0057ffb41bc,snap_twitter_tar_parser,ego-Twitter,15741636.0
twitter,twitter_graph000186,186,train,36,129,0c843d688cd28fa2d880aeb85ba6f570618f1621b06ff301bf01fda3ab50ba2f,snap_twitter_tar_parser,ego-Twitter,15797184.0
twitter,twitter_graph000187,187,train,223,3159,c99495ec3182e2700a888283a1e3842ee2cf921e7b38af7c591bfca85fc70547,snap_twitter_tar_parser,ego-Twitter,15849055.0
twitter,twitter_graph000188,188,train,33,178,f34172b80db3b2422128fdb3ec2da87b9382bd8eaa3e3d12940a89dab660fb12,snap_twitter_tar_parser,ego-Twitter,15859268.0
twitter,twitter_graph000189,189,train,150,919,56bcf57afdb9eb355aee24159a1cc6615ed2f6719bef59788848746449d57dfa,snap_twitter_tar_parser,ego-Twitter,15864197.0
twitter,twitter_graph000190,190,train,11,41,d399ad2210db3b6b43f810761bf5675100fea5e901a598302e6f4331cb29aec8,snap_twitter_tar_parser,ego-Twitter,15924858.0
twitter,twitter_graph000191,191,train,236,3625,e49062f9dcea69ad1685d40194585b92f9b966e23b33554c3974ccef697a20a5,snap_twitter_tar_parser,ego-Twitter,15938936.0
twitter,twitter_graph000192,192,train,219,2798,dc797684695a45bb854a13a926fabfc154c4c722271ecd471399913e0e89bf51,snap_twitter_tar_parser,ego-Twitter,15944663.0
twitter,twitter_graph000193,193,train,89,419,36b60e33e2a0e7ae8fd060f9903e258e2875a2e60ed7fe9e9274bef6eed2845c,snap_twitter_tar_parser,ego-Twitter,15947217.0
twitter,twitter_graph000194,194,train,95,1292,97349b41935e82d95b2caebca32f8c59a986f217e7516e9fb51ba9c7a43c3039,snap_twitter_tar_parser,ego-Twitter,15977848.0
twitter,twitter_graph000195,195,train,229,3496,2c803a609f65c62d2aeb63fdf0fa4931bde9306c99ae0924132907a2e69bbad1,snap_twitter_tar_parser,ego-Twitter,15989218.0
twitter,twitter_graph000196,196,train,122,948,bccf00c62b9ccfd6f070edfcb3a6809a031e4f81c4bedbbff33954f769b64c99,snap_twitter_tar_parser,ego-Twitter,16027078.0
twitter,twitter_graph000197,197,train,52,518,cc2deced8cea73ae5da9df106e6ffe5ea204c6d66e4f5fc21e937c12893ececb,snap_twitter_tar_parser,ego-Twitter,16105942.0
twitter,twitter_graph000198,198,train,239,3646,83bb79bb19582e7e79e6d536a4a721802c0cea4a2dc26b76f00dc4a10df4f832,snap_twitter_tar_parser,ego-Twitter,16183380.0
twitter,twitter_graph000199,199,train,146,1048,ee62fdcdfff5127264bd13c2de85140bcb9e4f4379eb78033597dde225319a85,snap_twitter_tar_parser,ego-Twitter,16193542.0
twitter,twitter_graph000200,200,train,155,1044,3f34a0199db460620119a5ed296051197a71c6aa4b3be5a199ad1b46cc51d813,snap_twitter_tar_parser,ego-Twitter,16212913.0
twitter,twitter_graph000201,201,train,141,954,389793619e1612533e79c97dc468c6c308435ae4340a7fe94d59dc961b9f4dec,snap_twitter_tar_parser,ego-Twitter,16234125.0
twitter,twitter_graph000202,202,train,235,3390,86162eefb23f13bebfb95de75b996628c1b67064341a6bf67ef2c912332007cd,snap_twitter_tar_parser,ego-Twitter,16247469.0
twitter,twitter_graph000203,203,train,189,1020,53ba11ae2c22e1c1e279c9d8d7dfe28f56876174b8a84c42187f9089fb0f95eb,snap_twitter_tar_parser,ego-Twitter,16263665.0
twitter,twitter_graph000204,204,train,95,685,5586de5bfa6f706ffb4614f478b3bb06ae7920f7033807e87786a651baa6e210,snap_twitter_tar_parser,ego-Twitter,16279105.0
twitter,twitter_graph000205,205,train,165,1511,2feb5b74e86480bcd5e7cff5148ca639d357c929c97fdc78ccb5fee19c580656,snap_twitter_tar_parser,ego-Twitter,16285517.0
twitter,twitter_graph000206,206,train,14,81,7b57de3019ba79f40e581796cf269416850e33c3b7c8fbf543592104a9272257,snap_twitter_tar_parser,ego-Twitter,16297193.0
twitter,twitter_graph000207,207,train,133,771,8d58803d5b73f4f27e042a9f9d2776f75f7a83db00eed63f78561c932ec64165,snap_twitter_tar_parser,ego-Twitter,16305227.0
twitter,twitter_graph000208,208,train,57,293,cb37c44694b389a70baff2810ef213ea80081315f74c3f3a9a4366ef742ce24b,snap_twitter_tar_parser,ego-Twitter,16421962.0
twitter,twitter_graph000209,209,train,63,251,760ee7f95e4f910819e1640fdd022226978501cf3673f68ef66df428e4186081,snap_twitter_tar_parser,ego-Twitter,16437633.0
twitter,twitter_graph000210,210,train,123,1691,8211e61bdb9c366507c8ce4d5e47ba52e2a49417fd2d2af32f56783a655e6464,snap_twitter_tar_parser,ego-Twitter,16465113.0
twitter,twitter_graph000211,211,train,40,276,88549f3ddea23602738d5297da326af7e69e851d4457501acb67946fdcc14529,snap_twitter_tar_parser,ego-Twitter,16476088.0
twitter,twitter_graph000212,212,train,50,324,f35bbe8e98aa998375a662ee9b8ccfa072382dd8ea67ca974ebcc57ff76fd4a8,snap_twitter_tar_parser,ego-Twitter,16505296.0
twitter,twitter_graph000213,213,train,131,1101,44bf566efd4244b7cff341408b87da33dfcedd50b3c68c5f79df577256e462de,snap_twitter_tar_parser,ego-Twitter,16591188.0
twitter,twitter_graph000214,214,train,105,975,f8a565ee362e57dbaf25a0a9839bede39820693b52adc8b3e0a98acdc5fc61a3,snap_twitter_tar_parser,ego-Twitter,16606585.0
twitter,twitter_graph000215,215,train,98,525,dc0c890376f24ff551a282fbfde5faf80a6e94c767d670d8178dba896d08842c,snap_twitter_tar_parser,ego-Twitter,16610683.0
twitter,twitter_graph000216,216,train,135,2048,f8452d87b86607bc31ac76db6545522d0e7e8766146fa5ff9b231b89c5f6e7ac,snap_twitter_tar_parser,ego-Twitter,16613128.0
twitter,twitter_graph000217,217,train,242,4227,42cfd051ef698bc8ffb0dea8b685b791b295dda504de94d30e0ea2bed9bdd68b,snap_twitter_tar_parser,ego-Twitter,16616109.0
twitter,twitter_graph000218,218,train,130,1349,22a6672ccdcd8cdffc76e3c8db2125654bc83d085720e494e69b9e5336898b17,snap_twitter_tar_parser,ego-Twitter,16652550.0
twitter,twitter_graph000219,219,train,15,51,f2b66bf105021c754cbde009b8fb0e8fc0ce26af760e8aef6b70d7fc5cdd9460,snap_twitter_tar_parser,ego-Twitter,16674149.0
twitter,twitter_graph000220,220,train,147,1256,67bcbd4380e87d19cd1072856f1d01feca98c35ca1dd4bfd73be1f2a845046b1,snap_twitter_tar_parser,ego-Twitter,16685316.0
twitter,twitter_graph000221,221,train,199,1918,0b0be58863013a4b4f7113e97ff1749e0b53d95fb2416623638c896851f2aed6,snap_twitter_tar_parser,ego-Twitter,16726878.0
twitter,twitter_graph000222,222,train,128,1954,43d24b8b428db70ae6a4f5303cc6ad7b177f3dfcb67d82b3ffd85b58858a71d8,snap_twitter_tar_parser,ego-Twitter,16734718.0
twitter,twitter_graph000223,223,train,186,2332,ada0629df87d32178d9313c8754752cdb37687c9d737e800f2299c006d9813b8,snap_twitter_tar_parser,ego-Twitter,16790036.0
twitter,twitter_graph000224,224,train,216,4218,e6dc9626815edbe11ea4b54a03c6b2f5c22aee489ae97aea44a804de8b0d85d3,snap_twitter_tar_parser,ego-Twitter,16809036.0
twitter,twitter_graph000225,225,train,146,1176,187be24ea6fe2cc01b569e01ea50a74239c92d6f27dadfec6beb184800a9f267,snap_twitter_tar_parser,ego-Twitter,16824073.0
twitter,twitter_graph000226,226,train,95,488,7110ab9cfa17d021d8890f0606fe8a113682741a00c867afecaab976cb95c754,snap_twitter_tar_parser,ego-Twitter,16834201.0
twitter,twitter_graph000227,227,train,62,723,f081206ef20390e9685df1ee6c7ee598b6a174aea2c033f15cc63633b9b6284a,snap_twitter_tar_parser,ego-Twitter,16840742.0
twitter,twitter_graph000228,228,train,219,1943,80b297544310b883dee9e045a2b30638acb916b684027b26cd9f3f085f6b02cf,snap_twitter_tar_parser,ego-Twitter,16869298.0
twitter,twitter_graph000229,229,train,125,1608,348b685b8a10f12ef8cade1c486104ff953556c32fe7db64b8c00ec74365043a,snap_twitter_tar_parser,ego-Twitter,16878507.0
twitter,twitter_graph000230,230,train,194,7790,43f3f35f4cb2b025fb8b398615318e31d3e6ff7ad62189cf10bb1030565ca70b,snap_twitter_tar_parser,ego-Twitter,16987303.0
twitter,twitter_graph000231,231,train,77,535,3fa657a1d30fb4e9d8cfcfd118b168f0532d6cf7ea07d1fd038da004b52a9d82,snap_twitter_tar_parser,ego-Twitter,17022544.0
twitter,twitter_graph000232,232,train,178,4467,f2dbcf73c6e4579987d1af383929ca6139c1b36f90c92d7a3a6323329bc38aa7,snap_twitter_tar_parser,ego-Twitter,17045060.0
twitter,twitter_graph000233,233,train,229,3764,47ababdbbcd11987a6a75c5c7545e5a76e28dcf33d6b13cc40f6557bcc34b45b,snap_twitter_tar_parser,ego-Twitter,17111909.0
twitter,twitter_graph000234,234,train,50,437,5aed363a89eeaec782cbd7078f622cff4e65fbd1fdc060ab4fd9a9ced3a7824a,snap_twitter_tar_parser,ego-Twitter,17135931.0
twitter,twitter_graph000235,235,train,155,1340,8cc032ee879fa3e0a66e398556c33d4d3626a295d3ca57c0ecc4d20ecb6394f6,snap_twitter_tar_parser,ego-Twitter,17137927.0
twitter,twitter_graph000236,236,train,155,2738,070bf7bb077e79ef5f301c0eafb7c674b7f862aa034d742c3d39acb7c2069bc6,snap_twitter_tar_parser,ego-Twitter,17384099.0
twitter,twitter_graph000237,237,train,120,3713,f15bdecab4c73797536f89dde2e4379100b2e982345350a9bd9dd3339e6ce1c0,snap_twitter_tar_parser,ego-Twitter,17396702.0
twitter,twitter_graph000238,238,train,192,1248,0cf35b30a6447f3e61d3c269e8d6761712da030a611cb321e1242869bb03f4b2,snap_twitter_tar_parser,ego-Twitter,17403755.0
twitter,twitter_graph000239,239,train,14,51,250696712226f22edf98c1d96b0e4863e989bad6752ca8cee87659050909b0a1,snap_twitter_tar_parser,ego-Twitter,17421011.0
twitter,twitter_graph000240,240,train,196,1788,6b9c125e449ab6e44efe05cc1a1c2dd4d33670fcc6b50e6b03ef7cee1faf429e,snap_twitter_tar_parser,ego-Twitter,17503591.0
twitter,twitter_graph000241,241,train,144,1768,ed6d1b329dc6997bf1c8ee1f31416b6b639fcbeaac9b597199bb704dc5ee0f42,snap_twitter_tar_parser,ego-Twitter,17561785.0
twitter,twitter_graph000242,242,train,96,1352,679fc0f98085352e043792260ee343032fb0915259a5ec51048ae0cde41d3770,snap_twitter_tar_parser,ego-Twitter,17600223.0
twitter,twitter_graph000243,243,train,162,2681,371d914d91eda6b416f3e8ea8f4073acb63ebe7ec592d66606d66d7999eb2b3f,snap_twitter_tar_parser,ego-Twitter,17602896.0
twitter,twitter_graph000244,244,train,97,338,12ba299b131b74f4d07d5bf152a2ee1a882c8dfb78627a21de44ba8765aa1b12,snap_twitter_tar_parser,ego-Twitter,17627996.0
twitter,twitter_graph000245,245,train,91,515,8a49144ddca85e0ff09374ac6ac47a82e070f4b113b7e354914d6723d32d9d4f,snap_twitter_tar_parser,ego-Twitter,17636894.0
twitter,twitter_graph000246,246,train,203,5715,3b65ba597a417bbaa212baf5689f409f3c6fa70e1d67d22e2dcee11a9f7e45ec,snap_twitter_tar_parser,ego-Twitter,17658786.0
twitter,twitter_graph000247,247,train,191,2328,1d4a83ada818bdb9e6e919eb37b8016ce4780124a766360d484d3d067451ed27,snap_twitter_tar_parser,ego-Twitter,17714569.0
twitter,twitter_graph000248,248,train,124,1393,a9b7f5d105b99055283e42d65bd36736f5d8de8d64135b6c5e0eadd2d48814c6,snap_twitter_tar_parser,ego-Twitter,17723880.0
twitter,twitter_graph000249,249,train,154,862,fb460b7cb4ad0ff6c657b517192b1ab58f77051475a2e601dcbc84f45854dd34,snap_twitter_tar_parser,ego-Twitter,17767841.0
twitter,twitter_graph000250,250,train,84,397,94bccb494e6ed9afa2b0a35d6633622cdc487914803b075213081af8f050192e,snap_twitter_tar_parser,ego-Twitter,17770689.0
twitter,twitter_graph000251,251,train,178,1366,bd4371b3fe823714cf32e13934a2a647440242d86ae7cece3a2883f70392a558,snap_twitter_tar_parser,ego-Twitter,17787399.0
twitter,twitter_graph000252,252,train,117,3795,b0a8748a07cd023b1fa50c4ebbc163854a2b52d9f860a8cefbcb9238f553de26,snap_twitter_tar_parser,ego-Twitter,17797990.0
twitter,twitter_graph000253,253,train,165,2448,58b63665a9cc3c53aea826744893269b3f05ae81ddc71b2c9d72dc826ce93d5a,snap_twitter_tar_parser,ego-Twitter,17822419.0
twitter,twitter_graph000254,254,train,229,5856,7a5cbcc71a1d065ccb129e2f2403816d7fe2aba8f150151238ca78d17e8851b4,snap_twitter_tar_parser,ego-Twitter,17866414.0
twitter,twitter_graph000255,255,train,27,120,c9f14b56f2c13c89cee670e790cb0e6e5a649a352336929c614eb47150a9d219,snap_twitter_tar_parser,ego-Twitter,17874544.0
twitter,twitter_graph000256,256,train,111,464,c598aeff7df62873434885008630b24ea4c89b56e4eb50bf96bbf91c3fa7b703,snap_twitter_tar_parser,ego-Twitter,17912917.0
twitter,twitter_graph000257,257,train,99,2008,eda7cc22cd0aa23fae446ddabedb7276e27a2098e61cdf23d97d0f706e0eb586,snap_twitter_tar_parser,ego-Twitter,17918629.0
twitter,twitter_graph000258,258,train,200,3213,61974481f8ff4fe7d92380103d983a10f31578c6a4601f4e0a67f69c34717c1b,snap_twitter_tar_parser,ego-Twitter,17922109.0
twitter,twitter_graph000259,259,train,149,1492,d0b971f85e946b9eae8371e796e2f72b1059602b1b7aa556aec87c67616bd5e0,snap_twitter_tar_parser,ego-Twitter,18068719.0
twitter,twitter_graph000260,260,train,149,1137,efd5ad645bd71613e8517b3da10ecc13868f35c829a0f6a4fab7dcd96a1c46e1,snap_twitter_tar_parser,ego-Twitter,18069824.0
twitter,twitter_graph000261,261,train,151,3307,0d2c892fe9fce22bbbe0e7c12d547fd0a96c6f83535dfb9713d27c648844e946,snap_twitter_tar_parser,ego-Twitter,18119683.0
twitter,twitter_graph000262,262,train,56,607,721bc7436ef9227a0f4cac4bda6e9df76e3a280656f2357892b99ba16f21e351,snap_twitter_tar_parser,ego-Twitter,18135029.0
twitter,twitter_graph000263,263,train,222,1806,8e62353a057d86eff7328c671579b67b0c0607450a1d3f56b112068d4316184e,snap_twitter_tar_parser,ego-Twitter,18191231.0
twitter,twitter_graph000264,264,train,113,479,c83c94c8201a6f0d277da48928d12a9def2d1d864b855d6119f220d6c6db7db8,snap_twitter_tar_parser,ego-Twitter,18201401.0
twitter,twitter_graph000265,265,train,190,3519,c926813ec14e5fe31438e61241142680dd94582ac95df75f9a70376f3e9f5296,snap_twitter_tar_parser,ego-Twitter,18226205.0
twitter,twitter_graph000266,266,train,154,2943,d44362ba0e0533756d3b811f489fb8f822a82604a5448654676e1cb87090be22,snap_twitter_tar_parser,ego-Twitter,18252740.0
twitter,twitter_graph000267,267,train,115,683,70930f9508aa46eab302802977c774e80113a85c2a4c099f592cd8b92e9fda15,snap_twitter_tar_parser,ego-Twitter,18270489.0
twitter,twitter_graph000268,268,train,219,2385,80929ef9e64c7ad25739d9682cf6e65445365fcb743b6071ea0e97e9a4b364eb,snap_twitter_tar_parser,ego-Twitter,18278524.0
twitter,twitter_graph000269,269,train,220,2283,478c3a50ac027ea249f710d90225eff74f4b62b77eee0bbb94cbb7db8eb866a4,snap_twitter_tar_parser,ego-Twitter,18338485.0
twitter,twitter_graph000270,270,train,188,2148,e6ac5ac6cdd0e53cba278ad60da7bf82acafd1208900ef777de665e099a56487,snap_twitter_tar_parser,ego-Twitter,18374320.0
twitter,twitter_graph000271,271,train,33,332,80c3dd56c882e3e94645512b5fd92d4d7f12a2540ac43ef3ced648824742daab,snap_twitter_tar_parser,ego-Twitter,18470775.0
twitter,twitter_graph000272,272,train,159,961,d67529db1843ddc2ceb7d6608ddb788803f4f8b09ddc48e869a9b7165c2ccb49,snap_twitter_tar_parser,ego-Twitter,18472735.0
twitter,twitter_graph000273,273,train,78,1236,0f0d99169afa865a0291b0c3f3330edfdfc39b33ecdd2bf2d8ce561c1996ec24,snap_twitter_tar_parser,ego-Twitter,18481292.0
twitter,twitter_graph000274,274,train,120,451,745cc3bbb1933b089c596592b941b5d54068aa5998b81f99d32c17fe9d6a644c,snap_twitter_tar_parser,ego-Twitter,18483115.0
twitter,twitter_graph000275,275,train,181,2562,234495b36a0921f4daa341727c26e5f5bd07b4b380a558093cc7fc8f56dc02c0,snap_twitter_tar_parser,ego-Twitter,18486243.0
twitter,twitter_graph000276,276,train,146,1838,5240b2e32d3b9a76e56b8f87fcaad569010ff764ed0bc54b146279425b75bab8,snap_twitter_tar_parser,ego-Twitter,18486881.0
twitter,twitter_graph000277,277,train,206,1419,b9f997faec7184b75ceba045cb6add2068ccff31a7d6a7a33767b9f80e0f5dfd,snap_twitter_tar_parser,ego-Twitter,18496986.0
twitter,twitter_graph000278,278,train,186,2706,6dcd65f94dd330b8625c43c121e3ac728894605ec67d57137586f7b6dc694244,snap_twitter_tar_parser,ego-Twitter,18534908.0
twitter,twitter_graph000279,279,train,23,216,25f04e30fcd3d54f9b78e4a588151c89b75b63834205d63af5397bafed7ccb7d,snap_twitter_tar_parser,ego-Twitter,18558612.0
twitter,twitter_graph000280,280,train,94,704,d3a85571ac324e3edf8ce50dc079b80ae4578e7db51e6559e237806b92aa57dd,snap_twitter_tar_parser,ego-Twitter,18571832.0
twitter,twitter_graph000281,281,train,192,1459,58748e5fa0224ba663e3ad05d27b30e05a920dae780d72640e39e316fa5e6b05,snap_twitter_tar_parser,ego-Twitter,18594420.0
twitter,twitter_graph000282,282,train,199,3617,502fe411736bad9421bb39b50424b7154ecae6031a699304693cf2f89bec7608,snap_twitter_tar_parser,ego-Twitter,18630326.0
twitter,twitter_graph000283,283,train,213,4152,c098fa35666019599e3c8758b260b305888d557a134f0c5a379584acaa3409e7,snap_twitter_tar_parser,ego-Twitter,18665800.0
twitter,twitter_graph000284,284,train,31,79,1a94bcf02e7ea66fa490eeb645c0ea69c8496965a8ad8b76b8d985dc9d8440ba,snap_twitter_tar_parser,ego-Twitter,18681592.0
twitter,twitter_graph000285,285,train,104,470,b8f07121eab3d4d242291f68e1b190b7feaffcc7a893c649af023685ce48be6b,snap_twitter_tar_parser,ego-Twitter,18687625.0
twitter,twitter_graph000286,286,train,108,401,bb61f3401b56961a6ec861d2cbaa4dd19a6f9b561c0e0daf2473f1a50931cc00,snap_twitter_tar_parser,ego-Twitter,18690700.0
twitter,twitter_graph000287,287,train,189,2224,398d51778f59fafd009dd25947e9d1046232c00c120666a9b6cee82a3da38e53,snap_twitter_tar_parser,ego-Twitter,18718580.0
twitter,twitter_graph000288,288,train,212,3513,ad82836b3958bc37b66df277801274b0852d2be85cbf0fa2ad6a36c78f55a6b5,snap_twitter_tar_parser,ego-Twitter,18731347.0
twitter,twitter_graph000289,289,train,160,3587,30b7c716b36804c207e93e97cede75233333c15a138b356b1ee16389a343a75f,snap_twitter_tar_parser,ego-Twitter,18734310.0
twitter,twitter_graph000290,290,train,148,1777,5cd860b46e3a402c1b9ee31f6eff5b53b93de3ca168c7e81ff7d0c4bdf68608e,snap_twitter_tar_parser,ego-Twitter,18788502.0
twitter,twitter_graph000291,291,train,192,1759,94a8b70ce1d8f526ba4e5c92509a14dad0fd951827913d5cd9399c85cc897c91,snap_twitter_tar_parser,ego-Twitter,18836167.0
twitter,twitter_graph000292,292,train,136,1982,9f2431f28c1339e3958ebe4014bc1e08437e8ff05aebdc124dde95aca700ebc3,snap_twitter_tar_parser,ego-Twitter,18846990.0
twitter,twitter_graph000293,293,train,210,4190,78edbff519ed79ae0945171b57b5a11317a74c4a06a6701ac3e91bb631cceb70,snap_twitter_tar_parser,ego-Twitter,18886852.0
twitter,twitter_graph000294,294,train,149,1741,7b7a9b970d8629bf703d7bd3c9d64ac40fc22c3834c717c699031fcda9727387,snap_twitter_tar_parser,ego-Twitter,18895362.0
twitter,twitter_graph000295,295,train,87,351,d92f7d8ba00c358560bebb3efbbaab45b505c1f1ced7c0ebdb80c2ea023fc83b,snap_twitter_tar_parser,ego-Twitter,18917716.0
twitter,twitter_graph000296,296,train,246,2415,afaadbf05eede48a2aff10ca24adb42c33a465a09e5be5d3831d0cccb4b42306,snap_twitter_tar_parser,ego-Twitter,18923866.0
twitter,twitter_graph000297,297,train,198,2793,c0cd910df36c6b43b3163664ab7e6e275471e861b607633b06bddd15c7073e09,snap_twitter_tar_parser,ego-Twitter,18951737.0
twitter,twitter_graph000298,298,train,126,1183,05cbcdc309c6ad0cf1a9905259d63ad932ee41e8e244923ff44ae38f9c07ad7b,snap_twitter_tar_parser,ego-Twitter,18957524.0
twitter,twitter_graph000299,299,train,30,152,066a93338675bb6e12780044727e35e8d0398d31bb9cb656d62c7927fab9a63e,snap_twitter_tar_parser,ego-Twitter,18988524.0
twitter,twitter_graph000300,300,train,62,640,a40cbafa6fdce2690440cdd3d6439e8902facf3ec0743de50dda2d5d4c8b8f14,snap_twitter_tar_parser,ego-Twitter,18996905.0
twitter,twitter_graph000301,301,train,201,3250,694e562675244f2239914cb9098f85b6f241f4883beb3712bff56a3e3c160846,snap_twitter_tar_parser,ego-Twitter,19064433.0
twitter,twitter_graph000302,302,train,178,4250,bbf844e2511efcb8c0384595f90c60e7034320ee2446087ee399b8e4d9eb50aa,snap_twitter_tar_parser,ego-Twitter,19110632.0
twitter,twitter_graph000303,303,train,119,1668,73701e29de9c94ac32982f725e88b70ec2fef0656b2c2283ad76380fbd7d8553,snap_twitter_tar_parser,ego-Twitter,19136295.0
twitter,twitter_graph000304,304,train,180,2275,cfcedab3b0c363b51499e0546fa781f699951f9e31b9822667dfbb120bb5306b,snap_twitter_tar_parser,ego-Twitter,19208450.0
twitter,twitter_graph000305,305,train,144,1125,4e202261d332b6eea25e3178d8e66dfc424dc4246ed519b96501eb8c6af894bb,snap_twitter_tar_parser,ego-Twitter,19213083.0
twitter,twitter_graph000306,306,train,90,338,914e434366ec67c5bd0de884d3b70503f714488f831720a727a9c40edbfbc0d7,snap_twitter_tar_parser,ego-Twitter,19225156.0
twitter,twitter_graph000307,307,train,55,385,1189f04a41dec9bf56b0a9f5de2302486af7fca3755c73e450f98afe148fabfa,snap_twitter_tar_parser,ego-Twitter,19283723.0
twitter,twitter_graph000308,308,train,154,976,b934c61e2c3cc2a2ac2cacd0b4b7061f411f0a04c695cba3f225ec74c1c3b959,snap_twitter_tar_parser,ego-Twitter,19299909.0
twitter,twitter_graph000309,309,train,124,1043,5d201d4e79dd86cbb67b5a8b44833ca6a0469b5fb4babef20a5ee8b5f925a307,snap_twitter_tar_parser,ego-Twitter,19380307.0
twitter,twitter_graph000310,310,train,55,607,d9d62d8b47c485ecd3b8571c209769a12e98dbab9916ffeec8d31a71975e0c33,snap_twitter_tar_parser,ego-Twitter,19454519.0
twitter,twitter_graph000311,311,train,215,3343,662f008a3e7b860afb3104f44783e04aad73cc7d44fae2ab8a92cf7a94f53978,snap_twitter_tar_parser,ego-Twitter,19492215.0
twitter,twitter_graph000312,312,train,152,2567,76a7976bf79fbf91add2335f2bc1ea0238eefb071447f764cac74283d3a93fcb,snap_twitter_tar_parser,ego-Twitter,19563357.0
twitter,twitter_graph000313,313,train,106,1758,be1db2f3f559fac21ac969969e10c790de3665a8916306844ab293e408562114,snap_twitter_tar_parser,ego-Twitter,19658936.0
twitter,twitter_graph000314,314,train,135,2242,44d4014215f95a3f1637bbe2a8557cff75df35be3f8717efa770d711b13883af,snap_twitter_tar_parser,ego-Twitter,19668026.0
twitter,twitter_graph000315,315,train,57,387,8e543f9dc54f70df7a732daaaf42dff1ae051483961e889c9d61dacef3518a37,snap_twitter_tar_parser,ego-Twitter,19725644.0
twitter,twitter_graph000316,316,train,221,1865,54763c506fa4e64d15b541564a9f9d066927712df5dbc54d0edd987dabb44eeb,snap_twitter_tar_parser,ego-Twitter,19760380.0
twitter,twitter_graph000317,317,train,235,2034,4f3c54c47e395d2c2eb55986243abdb62b579a706dbaa24c9e1415b64bfe8328,snap_twitter_tar_parser,ego-Twitter,19898730.0
twitter,twitter_graph000318,318,train,63,1149,ba0346baa16c86fdaea55ccd73fd9fe4ddee55059c1c50dd25d5f7656bc0c2e8,snap_twitter_tar_parser,ego-Twitter,19933035.0
twitter,twitter_graph000319,319,train,247,4999,ce5fad60fa133edc64b6d87f6ec1bd003d810012e24b690d5defec714c5d2215,snap_twitter_tar_parser,ego-Twitter,19948202.0
twitter,twitter_graph000320,320,train,32,191,05816a7c3b4cac5d876369ffbc1e01b6fe4f1afbd38587ddddda49c425b97134,snap_twitter_tar_parser,ego-Twitter,19976791.0
twitter,twitter_graph000321,321,train,244,6340,adfa663dbd972bb022726327871d379e832c50bbff337f682016ae8daa51ccf4,snap_twitter_tar_parser,ego-Twitter,20060293.0
twitter,twitter_graph000322,322,train,42,192,f2b5c804ce1d9f5a7f2c89926961d337f0909c764c2269a54df7f31aeba1d308,snap_twitter_tar_parser,ego-Twitter,20119746.0
twitter,twitter_graph000323,323,train,98,2075,a173b6715383c80a506573ec331226db609761c44570a9ba5d16ffe850aa589a,snap_twitter_tar_parser,ego-Twitter,20179628.0
twitter,twitter_graph000324,324,train,215,2168,73ecf0d3f4b0bd59c2c4083b02a352c7a9fc47071f06031a173c5e9e6e5c8648,snap_twitter_tar_parser,ego-Twitter,20319646.0
twitter,twitter_graph000325,325,train,232,3719,db21b6f84391e5965518bddffb90bc12e91304feca27c9c3efa1e6b4b866add9,snap_twitter_tar_parser,ego-Twitter,20347014.0
twitter,twitter_graph000326,326,train,160,3091,37262aee81aaea749399339e02c19d5a0710e8f33355ade9d48e384fecee4fef,snap_twitter_tar_parser,ego-Twitter,20436059.0
twitter,twitter_graph000327,327,train,91,490,3c4a7b7499b73ab1a78380f02f61ace88c81ecd2ae4dfa613c7625403280349e,snap_twitter_tar_parser,ego-Twitter,20446839.0
twitter,twitter_graph000328,328,train,153,1619,db542a2186adeb8ffeea8af7fc525d7245dd4e2278a78b600719b666b1058142,snap_twitter_tar_parser,ego-Twitter,20495756.0
twitter,twitter_graph000329,329,train,160,1903,0c2c09f384838c093c018e03b41b817b7b9922802857b8fde54630006c29007f,snap_twitter_tar_parser,ego-Twitter,20561154.0
twitter,twitter_graph000330,330,train,207,4260,65205d6ca8a1bdb4fcd6db3f838916b4cef36ce2f99030eed83844bd452b2bfc,snap_twitter_tar_parser,ego-Twitter,20689206.0
twitter,twitter_graph000331,331,train,122,823,5f51fedf1753c3b2ba54619edc77d99fe6bec3da0207178b86dd38182700ad0c,snap_twitter_tar_parser,ego-Twitter,20758393.0
twitter,twitter_graph000332,332,train,93,743,2cee736b61accf190fa3aacc7fcecfb6677d831454da065b07719e3dc13c728c,snap_twitter_tar_parser,ego-Twitter,20950208.0
twitter,twitter_graph000333,333,train,120,743,48bf188584be6455fb4e574635162f6dd367f33efa0ee8cfbface79088226f9e,snap_twitter_tar_parser,ego-Twitter,20999409.0
twitter,twitter_graph000334,334,train,53,308,ad9dad3ad5b22234bb60d471df60c7ba5d976e42c823c5bc0f21701facf6455d,snap_twitter_tar_parser,ego-Twitter,21028234.0
twitter,twitter_graph000335,335,train,161,2016,865ca2de2325c1777b7f38935a7d08c9ebfe3ded25645f3c1565de85b486beaa,snap_twitter_tar_parser,ego-Twitter,21061498.0
twitter,twitter_graph000336,336,train,69,308,1a085a5421c3d97639fc1c8dac938225dd0c8249ce7c6dee2e8655c90cbc9a93,snap_twitter_tar_parser,ego-Twitter,21077642.0
twitter,twitter_graph000337,337,train,175,3149,63125568bdd53a013f57256afb9619308b843594d3b5989ba737893b20f050b0,snap_twitter_tar_parser,ego-Twitter,21094279.0
twitter,twitter_graph000338,338,train,95,508,0de7d60509d7ee0aaaf48d1902ac9f775bc5337768b2ed63678bfeb0884c6eaf,snap_twitter_tar_parser,ego-Twitter,21132431.0
twitter,twitter_graph000339,339,train,64,215,4c5c0837db8393794b864f57c0f5bb6133c5c62518c9440ddaedce5c811774af,snap_twitter_tar_parser,ego-Twitter,21222922.0
twitter,twitter_graph000340,340,train,79,902,d0247ea746cdb5d5b2937eb2ed3c8780bf393658d77d91004c56235393d782f1,snap_twitter_tar_parser,ego-Twitter,21318259.0
twitter,twitter_graph000341,341,train,40,179,3eba06b3122503c7f4196ef81c91e392f4ae77f8aabeafdbc203c6bf0ea2984c,snap_twitter_tar_parser,ego-Twitter,21337501.0
twitter,twitter_graph000342,342,train,87,1183,b01bc9d8513a5b6b1f453d64183ef5043be3dbb4f991934073dffca1eddc0cdd,snap_twitter_tar_parser,ego-Twitter,21339164.0
twitter,twitter_graph000343,343,train,135,1646,680895c154ee5011fccfe692ed8dd9e6ed89a3a0883dfd5314d0a3e31fc6fc2e,snap_twitter_tar_parser,ego-Twitter,21363077.0
twitter,twitter_graph000344,344,train,52,507,644ed3898639fb96b734d23e7afccb650fb95ea8f6d8a5996d9925f6bd728603,snap_twitter_tar_parser,ego-Twitter,21364753.0
twitter,twitter_graph000345,345,train,147,1597,43fe4a9010b001ebf3be5e2ee6b7bfeeb12ac227426a4d6113b3909d762476d7,snap_twitter_tar_parser,ego-Twitter,21391704.0
twitter,twitter_graph000346,346,train,216,3520,16ce8ab782f78a0b4ce56c65017139416ff3f5d550d32a1c280e2e9fc6711f40,snap_twitter_tar_parser,ego-Twitter,21415375.0
twitter,twitter_graph000347,347,train,92,1437,7741cb1f69039024fb727b449abcbdf66deaf6370d5bc084ddec51fce93078f7,snap_twitter_tar_parser,ego-Twitter,21420959.0
twitter,twitter_graph000348,348,train,223,2853,8de2cbc51c96c6da3faf83e0b3d63832325d922a9be5f26d1daab3fcc1d38a12,snap_twitter_tar_parser,ego-Twitter,21437537.0
twitter,twitter_graph000349,349,train,173,1954,1de6406a94ae318c782629705f89609c291fe0eaafe44dc17ef3389883c422cd,snap_twitter_tar_parser,ego-Twitter,21578499.0
twitter,twitter_graph000350,350,train,83,876,dfcdb906be6cc16791080cdb011b8bb20b4bdca19a82c17d1885730f0aa2778f,snap_twitter_tar_parser,ego-Twitter,21648994.0
twitter,twitter_graph000351,351,train,34,82,4ffbf5272cc36fec9ef145c649afbb1bd895c1b4367c2f2e7063bf1f2b0de416,snap_twitter_tar_parser,ego-Twitter,21731779.0
twitter,twitter_graph000352,352,train,211,1784,02a48542b2a01ce3701b93eac46bcf9a1e990ef64aa4d7733ec9727fb7e66aeb,snap_twitter_tar_parser,ego-Twitter,21735280.0
twitter,twitter_graph000353,353,train,54,236,3af7fab2be07b1279d5a9148ebc97d54a80dea2626d936151e41d15670bd526a,snap_twitter_tar_parser,ego-Twitter,21816783.0
twitter,twitter_graph000354,354,train,157,1560,c6cf59959c8091a5a2c6cfb07a0e98633c3d2a44af984126e7aef39418afbb01,snap_twitter_tar_parser,ego-Twitter,22106463.0
twitter,twitter_graph000355,355,train,174,1613,31822d17519714fddbd609e77228e0a756af546a50a67561b3959f7368cdebd0,snap_twitter_tar_parser,ego-Twitter,22121627.0
twitter,twitter_graph000356,356,train,24,49,9728740a4cd5afd6b63b302e1f207ff1c345c31032067dba631334a5fd180d4f,snap_twitter_tar_parser,ego-Twitter,22252971.0
twitter,twitter_graph000357,357,train,111,731,2a35d19332443b935700901b05e5d9d80e25d17be9defe63e3bb4beab07c8c4f,snap_twitter_tar_parser,ego-Twitter,22745706.0
twitter,twitter_graph000358,358,train,107,461,2e8c19135d1310ae0c092946c44913fab84642992011237b19211add4ce7033d,snap_twitter_tar_parser,ego-Twitter,22751884.0
twitter,twitter_graph000359,359,train,187,2121,3ba4271305ddac466b95956b1948c8a619cda16ba0d87bd053c292bc96596acd,snap_twitter_tar_parser,ego-Twitter,22863638.0
twitter,twitter_graph000360,360,train,176,1519,519a85dfbe267082973c78ce4bcd4e8aba2ea7d775af8132032a99f255a7839c,snap_twitter_tar_parser,ego-Twitter,22879382.0
twitter,twitter_graph000361,361,train,199,4051,6d9707b098895458c66b39d07f5cae8e20208de7f86da098b8f6098bf8aada89,snap_twitter_tar_parser,ego-Twitter,22915745.0
twitter,twitter_graph000362,362,train,216,2234,d1be8e012ab23fcb4597ad6e6f717316d2aea29e7188bc0437d0744899260b75,snap_twitter_tar_parser,ego-Twitter,22954430.0
twitter,twitter_graph000363,363,train,100,852,2e72ee6ab036c2ec4219fcb586d67cf0772701f6b47bd101112a0a023687eac4,snap_twitter_tar_parser,ego-Twitter,22958268.0
twitter,twitter_graph000364,364,train,80,540,7a7827d014601796284f7df4092a4d3b7e21f908111a15e51eda087b326bdef1,snap_twitter_tar_parser,ego-Twitter,22970486.0
twitter,twitter_graph000365,365,train,206,2071,0d7f6d19e139a6f56575005834de507b2abbcd28e62177acf9501ace28e6e0b5,snap_twitter_tar_parser,ego-Twitter,22977196.0
twitter,twitter_graph000366,366,train,187,2153,8c57054f2e8baf0b9c39e3276a9e4f578e8f65e7b1778c37ee5b036bc08ac684,snap_twitter_tar_parser,ego-Twitter,23334169.0
twitter,twitter_graph000367,367,train,47,370,1646db7e8087491e0c3ab7388e8d94e59f678a0782f1a70aa26d95be67389933,snap_twitter_tar_parser,ego-Twitter,23469247.0
twitter,twitter_graph000368,368,train,102,1556,0ecea556dbf002c6e7f653b5910055551fd8d846943c209409f3739f6de76c0d,snap_twitter_tar_parser,ego-Twitter,23503181.0
twitter,twitter_graph000369,369,train,238,4738,e50a1ac7197b5bfd34626a28c2ccbd1980d98e27c8c6bb9f733c26e9e79471ba,snap_twitter_tar_parser,ego-Twitter,23742633.0
twitter,twitter_graph000370,370,train,97,1132,becc06364a3e6f8a2d40eab321045744a55dd2dd0335b26b5df787a833c8274d,snap_twitter_tar_parser,ego-Twitter,23759573.0
twitter,twitter_graph000371,371,train,117,1091,3d79cccbadf1d8a8b0bfff40057019e3cf06e699782caaa5fd6c31d68b5bfcb8,snap_twitter_tar_parser,ego-Twitter,23790454.0
twitter,twitter_graph000372,372,train,72,374,dcee1ee6dba919a040562237a6ef739d40e646e170bc7caab88d8487193739f5,snap_twitter_tar_parser,ego-Twitter,23889102.0
twitter,twitter_graph000373,373,train,247,6575,ec8b31fe61d654cc028eb5c3fe58e8e8b4f238fe167124584cfe31d8fd4da6ae,snap_twitter_tar_parser,ego-Twitter,24117694.0
twitter,twitter_graph000374,374,train,239,5313,e5c58d50a980e65f8c483549deff48a9017f722b34e60f274f5f4091a885138f,snap_twitter_tar_parser,ego-Twitter,24479656.0
twitter,twitter_graph000375,375,train,178,1731,038657cec7a08d31e844502feb452adc4fc8c0b4859e3ea0b9acb84f2c861afd,snap_twitter_tar_parser,ego-Twitter,24541192.0
twitter,twitter_graph000376,376,train,137,1204,c7ebeb5074baa4fd6b5ca46ba1ef1ae19cb0621f63674e3b905c991dc70e5b6a,snap_twitter_tar_parser,ego-Twitter,24542441.0
twitter,twitter_graph000377,377,train,84,512,88ddf9252e1b5ab970a5fd7f56a393db46223b29ecc9ad790cb541d728d9ba20,snap_twitter_tar_parser,ego-Twitter,24636631.0
twitter,twitter_graph000378,378,train,231,3382,dcf83bee59f5235604fc2609bec616081cd482091c5ce7863a4d4086622f03d2,snap_twitter_tar_parser,ego-Twitter,24815332.0
twitter,twitter_graph000379,379,train,110,737,00180cefa5899fe1f7d02ba143f4e9c2437fa0b6370c5b6892210514d3c67df0,snap_twitter_tar_parser,ego-Twitter,24903302.0
twitter,twitter_graph000380,380,train,75,250,6f9b7c78bb4f7c368cb2048e992b081646fa459a8e0649bab8435ce3fe15b516,snap_twitter_tar_parser,ego-Twitter,24907197.0
twitter,twitter_graph000381,381,train,60,299,0279b400dedffb24553ac8caba6a278789d630232f1f6ed41190d425e0d10a13,snap_twitter_tar_parser,ego-Twitter,25179170.0
twitter,twitter_graph000382,382,train,52,477,1d3491f933ca41143a78b8f365102448f8cf40f694c1838f1c004cffc620f207,snap_twitter_tar_parser,ego-Twitter,25344777.0
twitter,twitter_graph000383,383,train,221,3395,f59ec48ddd687a5b2382a2c5dd439f2d02012aa32d0ce11d5998f0f8723b7b78,snap_twitter_tar_parser,ego-Twitter,25649234.0
twitter,twitter_graph000384,384,train,55,188,4bb838e6a5f8e01b729184d1d007cef34024a7a98644f7704f0820ed834d6c4f,snap_twitter_tar_parser,ego-Twitter,25650268.0
twitter,twitter_graph000385,385,train,116,1453,f00449b4d4604ded3cbb21104b9471f48522609e7026a0916c24b76de38cd986,snap_twitter_tar_parser,ego-Twitter,25755158.0
twitter,twitter_graph000386,386,train,175,1492,03f351add01e55fa2366c3533ce83b9005051077f274dbdb852f29b259e2b529,snap_twitter_tar_parser,ego-Twitter,26083291.0
twitter,twitter_graph000387,387,train,205,1231,cee0e50771d64fe48ed822bb9a29de6b7355af78655d9e7b41c41d7b3e09d75d,snap_twitter_tar_parser,ego-Twitter,26103051.0
twitter,twitter_graph000388,388,train,74,297,b0774f462899426fa9d9ea25fc7b722c39d67788cc92ffea7b5777388679ac5e,snap_twitter_tar_parser,ego-Twitter,26234692.0
twitter,twitter_graph000389,389,train,68,676,58dc54f47827152230b5ae5a454b3defba6a39c94aaa26f543e105dad1771dba,snap_twitter_tar_parser,ego-Twitter,26286713.0
twitter,twitter_graph000390,390,train,94,576,87316ba1ea9b8cd4fb2951bdcb33c5d834a48ca75dcecf2a810047fbe55c1591,snap_twitter_tar_parser,ego-Twitter,26335321.0
twitter,twitter_graph000391,391,train,79,1242,e7c4cac486c65aa97617e1dfd1067f59baa85512ca63ae3ad419161abc631c49,snap_twitter_tar_parser,ego-Twitter,26346966.0
twitter,twitter_graph000392,392,train,84,596,97a7fdad40f66f58f6ab400608b0a7ab1738e6e06ae040abd12e84f91c9c83ad,snap_twitter_tar_parser,ego-Twitter,26585095.0
twitter,twitter_graph000393,393,train,133,730,531f1001be9eb7050f7df3259f4ca7a642f9abcc6a888202e9bb1b0c390e263e,snap_twitter_tar_parser,ego-Twitter,26604704.0
twitter,twitter_graph000394,394,train,195,2346,3d639eea2cdd5f92e9c1a121a5cc19ddddbef796b078659fc072b5d1eda89a78,snap_twitter_tar_parser,ego-Twitter,26961048.0
twitter,twitter_graph000395,395,train,51,278,d9698bf3c828f6d2bfa615813e961f78393047934f0f1a2249ab3e6cb434fd64,snap_twitter_tar_parser,ego-Twitter,27595997.0
twitter,twitter_graph000396,396,train,199,1337,f61099e4f18203d98f5d449bcd6cad8b759c27db23bdebfff1af71e55310cd84,snap_twitter_tar_parser,ego-Twitter,27853708.0
twitter,twitter_graph000397,397,train,96,1181,b0c57f3e9ba2c4a42e8b32344cf318f5d09ddaa09b2a2f8c8ff3576e051cecce,snap_twitter_tar_parser,ego-Twitter,28205087.0
twitter,twitter_graph000398,398,train,195,3544,f6eaf8167dfb3dce7fa3a3852e97220fde75a9d258cc5c1e055e8cd3e5d64af5,snap_twitter_tar_parser,ego-Twitter,28490110.0
twitter,twitter_graph000399,399,train,102,1206,43f1072c825ca39ffced4bcb05a153013ba0d68bb5cb7265671ac13a58bdfc9c,snap_twitter_tar_parser,ego-Twitter,28628055.0
twitter,twitter_graph000400,400,train,225,2692,4663ecef292195ad044e3e976f4acc11c3a323ed4730a565aaff36c7b1cb5ed6,snap_twitter_tar_parser,ego-Twitter,29016037.0
twitter,twitter_graph000401,401,train,89,476,940fb2da43c1f21ed5a4ba988689b9193da00283476c8413497a4bb133800ed6,snap_twitter_tar_parser,ego-Twitter,29034979.0
twitter,twitter_graph000402,402,train,86,441,9d91dcf01abed012fcb7cd14998e0a5f2735e0cebdb72cfb19171218940168fa,snap_twitter_tar_parser,ego-Twitter,29357507.0
twitter,twitter_graph000403,403,train,78,1191,34df0cecb26f7b0e6038b522eaa50c194aa74576c6e836b06fbf9f8663c3502d,snap_twitter_tar_parser,ego-Twitter,29514951.0
twitter,twitter_graph000404,404,train,148,1330,07438cb40b47a471383970a2e7187616a33f2e64694005ceb4b95c1f618a7681,snap_twitter_tar_parser,ego-Twitter,30031265.0
twitter,twitter_graph000405,405,train,170,726,51e3c19cfb244dd213d7347a2c525ca3a6e7ba7850e709aa85edd1d241f4defd,snap_twitter_tar_parser,ego-Twitter,30096240.0
twitter,twitter_graph000406,406,train,192,4129,96f9bc155927e4d6c8af5cd765ef93bdcf90cfc3c9601597344dd616495b967b,snap_twitter_tar_parser,ego-Twitter,30207757.0
twitter,twitter_graph000407,407,train,99,845,f00085a3d5fc8a38fead30af2062ba98ab77942974c97213fd087ce76f7e1b5a,snap_twitter_tar_parser,ego-Twitter,30310904.0
twitter,twitter_graph000408,408,train,158,3327,88652a2bf6a337223792d0a1fd4d1e3431d70117c6e2271e25a6563d71cd8653,snap_twitter_tar_parser,ego-Twitter,30313925.0
twitter,twitter_graph000409,409,train,153,1945,d4baae62c7391656ae377b508d6bff28a47df0e35747e9aca7443cebdab88b90,snap_twitter_tar_parser,ego-Twitter,30345417.0
twitter,twitter_graph000410,410,train,62,654,8ccef70d50510b325a0e65c298bbf660d92a023a003d9dd355ff5b1aeb5e9698,snap_twitter_tar_parser,ego-Twitter,30393917.0
twitter,twitter_graph000411,411,train,136,832,3c52ef346fe9a11311a768b4a89cbb6340132b7e8673b656781d5fb7b23112d1,snap_twitter_tar_parser,ego-Twitter,30824363.0
twitter,twitter_graph000412,412,train,65,411,38c74ae9d06e12296d957b913049ac460671c4c78030131849c07b9fadc5f718,snap_twitter_tar_parser,ego-Twitter,30970675.0
twitter,twitter_graph000413,413,train,220,1812,2857e5ae9ebb74f0a993cdfeba97247495bf7593f414697916a95acea1ad8d9a,snap_twitter_tar_parser,ego-Twitter,31153819.0
twitter,twitter_graph000414,414,train,93,533,70c8c47f007f0ccad68081796205846ffa1a791eeacc57b15075c33154308f0b,snap_twitter_tar_parser,ego-Twitter,31179985.0
twitter,twitter_graph000415,415,train,224,2996,e41319491fcb8a672f9fa9b72f1af0c10157ff96dbcd76f53b7870ca198e270d,snap_twitter_tar_parser,ego-Twitter,31246395.0
twitter,twitter_graph000416,416,train,72,392,68971538cda5814ccc7270703f16d1b783514725e32de74dafea84840de697d6,snap_twitter_tar_parser,ego-Twitter,31313454.0
twitter,twitter_graph000417,417,train,162,1923,1bfb12ff89f4cf5c76631946adce0ef90d62dbf8c8020e004cb2b388b3806eb8,snap_twitter_tar_parser,ego-Twitter,31317273.0
twitter,twitter_graph000418,418,train,41,286,5373b7229ce60c5c187ce4fa6fa7f0411a39c197f998bebe4ec81f8455f1fb98,snap_twitter_tar_parser,ego-Twitter,31457243.0
twitter,twitter_graph000419,419,train,31,132,4e9efaf73e4929814416f22bf9826868a38714db23bf6c54e385e2062ab2661e,snap_twitter_tar_parser,ego-Twitter,31464977.0
twitter,twitter_graph000420,420,train,166,2838,44661e3033c153045e8905b8da1f282c5fa8ea0af6c2140f23e9b88d57f2876c,snap_twitter_tar_parser,ego-Twitter,31477674.0
twitter,twitter_graph000421,421,train,132,2475,07ca8b348f887e46de30e4b64194a1a3725832313912ed285b2d621e9d72b69a,snap_twitter_tar_parser,ego-Twitter,31610343.0
twitter,twitter_graph000422,422,train,122,1298,577dd4f64395276626978447d2e466da04abce9a60ab4044aaa8a663922d6aec,snap_twitter_tar_parser,ego-Twitter,31631020.0
twitter,twitter_graph000423,423,train,201,2239,9b529ff16c7b02213ddc19b029d49ae33ce29e54fb6a75b6ed876b2b07658e0e,snap_twitter_tar_parser,ego-Twitter,31949053.0
twitter,twitter_graph000424,424,train,74,330,c10c7ec0439e12ea67645d12c60a3ae6bc17d4fca98d7e9449072f5d41bb6d7d,snap_twitter_tar_parser,ego-Twitter,32289713.0
twitter,twitter_graph000425,425,train,167,1972,0c6bc9ee42853f433a3ac7330412b646ed87c1554943c83f2537ef6197dc5d2c,snap_twitter_tar_parser,ego-Twitter,32547856.0
twitter,twitter_graph000426,426,train,99,500,2711cf40e1cf0738f556650d23ca5cd0238a065888a1cd70a8b5adfefd0970c3,snap_twitter_tar_parser,ego-Twitter,32574761.0
twitter,twitter_graph000427,427,train,45,176,50a124e7b71daa088294cf17065a21b6490f8de2c24021b24936ceceb5893cbc,snap_twitter_tar_parser,ego-Twitter,33060624.0
twitter,twitter_graph000428,428,train,104,346,4b358e106255a83e320e6b3b5d73fa68cf6da6fdbf43cfe44da7b47dfe0e3ad8,snap_twitter_tar_parser,ego-Twitter,33080832.0
twitter,twitter_graph000429,429,train,202,2009,76959084c2cb01799be6acb116ff1fee3b28b23865f98d1b19068fcc32659ed6,snap_twitter_tar_parser,ego-Twitter,33097148.0
twitter,twitter_graph000430,430,train,160,2349,fc91fe832a0e3fd20011c3da4443d6bd7dd0cad19f2d30e2b5afcd789e4c1cb5,snap_twitter_tar_parser,ego-Twitter,33511585.0
twitter,twitter_graph000431,431,train,217,3585,fe657d5a2c27a79d7cb9d1fdb4ec17a47128d61e4fe3d71e7d6092b0f11f8de6,snap_twitter_tar_parser,ego-Twitter,33612973.0
twitter,twitter_graph000432,432,train,147,2078,0a1be76507d4a8edfdb4035ce93a020fec391f3b5860236bdc774890caa37bd4,snap_twitter_tar_parser,ego-Twitter,33617320.0
twitter,twitter_graph000433,433,train,16,73,0895b413e4987eff2d6885dcbd919187a12f8bc92aa0ffb36f25c5a5c11f3754,snap_twitter_tar_parser,ego-Twitter,33794839.0
twitter,twitter_graph000434,434,train,76,724,c0835bff68690d6b224db3cc04bea7e51b3213cc328cab90d2620123c35a987a,snap_twitter_tar_parser,ego-Twitter,33806113.0
twitter,twitter_graph000435,435,train,83,700,77c6b0060894f33bc789b136371deb21d5a1a56fd9a374fc6ff8818b34dae5eb,snap_twitter_tar_parser,ego-Twitter,33868543.0
twitter,twitter_graph000436,436,train,209,3679,dc84df1073888dd13e615c559b4f6f0419a3d9da543b1a8792baa6143d0a1d62,snap_twitter_tar_parser,ego-Twitter,34242979.0
twitter,twitter_graph000437,437,train,149,2211,c01fc83ae0ff5b49d9482b8e79545236dad5d0caec268567ee73292430de829e,snap_twitter_tar_parser,ego-Twitter,34416153.0
twitter,twitter_graph000438,438,train,11,41,d8d712338b29bc77df0acd5a62396bb92a25ccfe78ab3da303040f975637fccb,snap_twitter_tar_parser,ego-Twitter,34805698.0
twitter,twitter_graph000439,439,train,186,2123,386f9db6120e8637a1f9dcca947a6862e732323b808102bebc2ab97da7e04225,snap_twitter_tar_parser,ego-Twitter,35012277.0
twitter,twitter_graph000440,440,train,241,2835,1f19e689e6780964827dbe5e9264ef3b9fce4a3aa3a1384f5171d45ae611aa15,snap_twitter_tar_parser,ego-Twitter,35012599.0
twitter,twitter_graph000441,441,train,77,483,0a892a14208ae39d1c2018fb9b01fc42d7d44227b369993a3b6c32b986a0e8c3,snap_twitter_tar_parser,ego-Twitter,35166642.0
twitter,twitter_graph000442,442,train,231,1616,0e7cf90309649f783afcfae136c65050fce1b436fb130a1ca7d226e145cc5a3b,snap_twitter_tar_parser,ego-Twitter,35432497.0
twitter,twitter_graph000443,443,train,214,5687,4f979c9e1e18e2053965ae46fb98db42c90b855b7a4b4f002b631bdaf47274ec,snap_twitter_tar_parser,ego-Twitter,35726059.0
twitter,twitter_graph000444,444,train,153,3461,0a0bd5bf6d99af1da4a8628c28f84d0f848571ee8f16c66bb688c5a70c6b7980,snap_twitter_tar_parser,ego-Twitter,35926608.0
twitter,twitter_graph000445,445,train,217,2073,0fe219dd73296affea96b22a5791e18bb5ebee28eba0161384af2f8ed148228e,snap_twitter_tar_parser,ego-Twitter,36475508.0
twitter,twitter_graph000446,446,train,67,371,925c4aa948439ffb05ffb69dc43161b2f289743d3e6a6d3665389de0dd28b9e2,snap_twitter_tar_parser,ego-Twitter,36544954.0
twitter,twitter_graph000447,447,train,149,2088,b6ebb7330d50f5e8580ad9f3e0bd979af73064bcce33d73ea91744fca0facfb5,snap_twitter_tar_parser,ego-Twitter,36618690.0
twitter,twitter_graph000448,448,train,213,4927,a64bdc736032f491a8b026f71b6a24c50fadd11cba38e590249681b92d58fb67,snap_twitter_tar_parser,ego-Twitter,36629388.0
twitter,twitter_graph000449,449,train,165,1635,8967cfef9ec74b3343832406a15e7297a48b13160213bda0970da6c694b142ba,snap_twitter_tar_parser,ego-Twitter,36836787.0
twitter,twitter_graph000450,450,train,78,635,571c73d5008dbc710242b5019254ab079336178c77c90eb76239fd1ffaf44940,snap_twitter_tar_parser,ego-Twitter,36953510.0
twitter,twitter_graph000451,451,train,197,4814,52eee653a2b51c6dee5913a0a4434b4137d7c4208ef48d45a5d148ea744d794c,snap_twitter_tar_parser,ego-Twitter,37103386.0
twitter,twitter_graph000452,452,train,95,580,eea97109b8ad9ee2fa221e2ec6d485f3329a3ec07bcb3887edc1def8178da45f,snap_twitter_tar_parser,ego-Twitter,37112942.0
twitter,twitter_graph000453,453,train,213,3576,d14a8844ba534f26090f021979f69dd595b9cce9c4bc64777066879bd045335d,snap_twitter_tar_parser,ego-Twitter,37170886.0
twitter,twitter_graph000454,454,train,173,1335,6547da43b6a170af3eaaceac4c31aa49d40dfcc29cf02968c0c2a9e1f68dc635,snap_twitter_tar_parser,ego-Twitter,37201612.0
twitter,twitter_graph000455,455,train,134,1455,cea76d95217265c7839a6258eeb6d66abb70a0244644266695f51b930f6326db,snap_twitter_tar_parser,ego-Twitter,37723441.0
twitter,twitter_graph000456,456,train,88,893,1ec53058ad28c9160d7f0c9b68853789953e20d537effaed897bc0f7b4a1d1f8,snap_twitter_tar_parser,ego-Twitter,37792861.0
twitter,twitter_graph000457,457,train,120,841,7a7d4f12d943fb025b5c15451db98476ef6d4a555143a77248495c4c6c2bbb5f,snap_twitter_tar_parser,ego-Twitter,37899473.0
twitter,twitter_graph000458,458,train,94,547,743c84a6d66c4be16e8cba2eccdcdb0b332e340fd3455b24095483b4a4326293,snap_twitter_tar_parser,ego-Twitter,37977732.0
twitter,twitter_graph000459,459,train,120,1070,90406863d3402a60657010a5f72625d0b7ef3b1bf65c04044e948bbe3bec2777,snap_twitter_tar_parser,ego-Twitter,37992666.0
twitter,twitter_graph000460,460,train,208,2355,6a5869e77806a075aba7e8437bf508e32df2c27fb373a64737e175784c643577,snap_twitter_tar_parser,ego-Twitter,38108292.0
twitter,twitter_graph000461,461,train,130,1044,7fe7e658d66762242e37a0d3f7654ded448a0733d7cb927421e3eb4d5955161b,snap_twitter_tar_parser,ego-Twitter,38703025.0
twitter,twitter_graph000462,462,train,177,2105,605539b527e599e2da51c9f32773fc3cd840cb318d1e265ea8ac45fb835251fe,snap_twitter_tar_parser,ego-Twitter,38761811.0
twitter,twitter_graph000463,463,train,68,615,11fc431e11dd36ad0c96d448224a342c473b3ef7372ee241c70ac20b9463b8d2,snap_twitter_tar_parser,ego-Twitter,39070445.0
twitter,twitter_graph000464,464,train,85,388,0054c11eb2ff10f4a7bb7cf9fa30ea24173b6f4328b22557a3b64363fa8abceb,snap_twitter_tar_parser,ego-Twitter,39157827.0
twitter,twitter_graph000465,465,train,154,1992,0b583960eeab971b193345806aa6712225bf5662328437d24bf6874e8bccaea3,snap_twitter_tar_parser,ego-Twitter,39322973.0
twitter,twitter_graph000466,466,train,22,116,29026e5f07c353610b08ac15967bb2310b18330be7b82e4a77f7e0b327a54e1b,snap_twitter_tar_parser,ego-Twitter,39695043.0
twitter,twitter_graph000467,467,train,58,283,6ca6e78459645e886e4dcbd32ef4fbef350e9531d1d43c7753535e71a1fbb18b,snap_twitter_tar_parser,ego-Twitter,40022380.0
twitter,twitter_graph000468,468,train,112,548,10827cef90b7637797c29d77352b03ef44d9f9c0c6fb363c19fd2da09f22ab43,snap_twitter_tar_parser,ego-Twitter,40564708.0
twitter,twitter_graph000469,469,train,191,2551,47ea8249496007ff510b6b8b23145a18f7a8e712f2bbe9d9b96d24abf8fb678c,snap_twitter_tar_parser,ego-Twitter,40580577.0
twitter,twitter_graph000470,470,train,81,377,2e6d6bf79ce3193fd0d15c0dd8bef41a547314765142268f781d518e88f5be4b,snap_twitter_tar_parser,ego-Twitter,40705032.0
twitter,twitter_graph000471,471,train,26,56,7f3f817e5ee6d664abb17497a13ee15400075e9d25bc4ae5325df805b73b65db,snap_twitter_tar_parser,ego-Twitter,40777046.0
twitter,twitter_graph000472,472,train,123,2234,7e5fb6649fbbb8422a9a8d566099dfff9f66cd20ca1c62d1003297a722f570c8,snap_twitter_tar_parser,ego-Twitter,40813518.0
twitter,twitter_graph000473,473,train,74,704,166627442949b3e119a8e3e97daaefdc826b6af83f294e7173dad212f17dc082,snap_twitter_tar_parser,ego-Twitter,40818894.0
twitter,twitter_graph000474,474,train,118,2149,ea356be23dcabf0c14d227d494c5955dd23dc30c0d9fdf62500bfcfc57f48db4,snap_twitter_tar_parser,ego-Twitter,40981798.0
twitter,twitter_graph000475,475,train,72,914,4f54a73387cb1523c5623b9ab463854c9046d7a9f118e91615318549bffccf26,snap_twitter_tar_parser,ego-Twitter,41945050.0
twitter,twitter_graph000476,476,train,38,362,e7e5f8492f610c105b7c4730653eb38e1ac2c333b08ef125aab95b81e82dff8c,snap_twitter_tar_parser,ego-Twitter,42098834.0
twitter,twitter_graph000477,477,train,84,324,53de16ec9abd6d86cf5e48752aa87f0517cb8d751a2c5d7e7b84a75765c28bab,snap_twitter_tar_parser,ego-Twitter,42522911.0
twitter,twitter_graph000478,478,train,63,551,3c79ee5e45772bea2d65d3c1f480506e31768baf61666d4503af68ac2df2f228,snap_twitter_tar_parser,ego-Twitter,42676302.0
twitter,twitter_graph000479,479,train,87,1411,976a9e039474ae7a79c3e036e35a5dc0bdb4f92d8542009acbccf0a25541d48d,snap_twitter_tar_parser,ego-Twitter,42912024.0
twitter,twitter_graph000480,480,train,106,2482,6a94bf195bfdfab5121df91ebff8e44f170eebcbc114f781b7b3fb5dcc580c4f,snap_twitter_tar_parser,ego-Twitter,43003845.0
twitter,twitter_graph000481,481,train,52,300,4a2d24e702b31e603a180c1748c38c1fb1eeee6c384216075e3d7f59ea50bdcf,snap_twitter_tar_parser,ego-Twitter,43194901.0
twitter,twitter_graph000482,482,train,142,2299,35e5dc65d61584e180fb626e568dbc13db0c4c1e72365ba6fd88ff2997463ffb,snap_twitter_tar_parser,ego-Twitter,43540843.0
twitter,twitter_graph000483,483,train,12,36,1816a3232e8a49267780d6c8f7a7c4a60f9e090cc4497849b5577f898f571e5b,snap_twitter_tar_parser,ego-Twitter,43858661.0
twitter,twitter_graph000484,484,train,208,2980,88cd51b485a139149af5b37f74f0d799291e4d952f7be599c454a491189805df,snap_twitter_tar_parser,ego-Twitter,44130462.0
twitter,twitter_graph000485,485,train,149,1995,d1f185f63fd08118dcf2548a1dc90b1077c299b23df7f38b5b552c72996f4824,snap_twitter_tar_parser,ego-Twitter,44257374.0
twitter,twitter_graph000486,486,train,59,411,e5ae14cbaf3c452eb24511422312dbfee25be8f97e7035ee4fbc9e6817215d74,snap_twitter_tar_parser,ego-Twitter,44394333.0
twitter,twitter_graph000487,487,train,81,759,c1d3e0235f9b01f107736e2f2ca496b52713602e7b98fd5e1b49393900bebb23,snap_twitter_tar_parser,ego-Twitter,44524106.0
twitter,twitter_graph000488,488,train,203,5161,ae3b640c7765741ea4b8070fab642d0c6852a55fde43b2b42247891e7f45bcd5,snap_twitter_tar_parser,ego-Twitter,44666348.0
twitter,twitter_graph000489,489,train,50,199,f3def1427a5b055f8d0b1d9bd7f6195de99c180e1c13d04634d9661fad334497,snap_twitter_tar_parser,ego-Twitter,45145944.0
twitter,twitter_graph000490,490,train,177,2616,f565f935cbdca28a3c0d5268e51c62ae2b94e6ebbbef92192d0ba1b496af7f5c,snap_twitter_tar_parser,ego-Twitter,45310286.0
twitter,twitter_graph000491,491,train,81,381,de7064daa8cea1f78ce62bb7db65449245d4d974e4cefb5b4d9c8c8eeb3f161c,snap_twitter_tar_parser,ego-Twitter,45333725.0
twitter,twitter_graph000492,492,train,172,3604,3354efe9dd530ceadf1b965ad1a516eb647fde8b79e5328e44a7a4623c0382d1,snap_twitter_tar_parser,ego-Twitter,45690012.0
twitter,twitter_graph000493,493,train,244,3497,5cbb929a40f64f434f66d45dd4e9edea6e34c5baee7eea7eb1ea4480b3c983ab,snap_twitter_tar_parser,ego-Twitter,45753733.0
twitter,twitter_graph000494,494,train,80,378,7c8a81f3152cb060d5cea6ca1aad6cb71c0cc23cde3a50487fdaf3b89b621cfc,snap_twitter_tar_parser,ego-Twitter,45857296.0
twitter,twitter_graph000495,495,train,200,2721,08f232d4b6c1a1f2c129bb5a8f7529096537f27e094578be661212797f9d9a8a,snap_twitter_tar_parser,ego-Twitter,46160500.0
twitter,twitter_graph000496,496,train,212,1723,1744b062b1fc7fbdc17e16c66451ff96d21facf83ea763247550fb9f1444fece,snap_twitter_tar_parser,ego-Twitter,46533358.0
twitter,twitter_graph000497,497,train,220,2627,7be5e7fbb1581011a7929e18bf54477167d068dda3982e0ddde7e9d85c57cdfc,snap_twitter_tar_parser,ego-Twitter,47359057.0
twitter,twitter_graph000498,498,train,124,1129,0d4c0757cdfc5c302436a30899c73b1d6b9371d43f49beb79fa76d921ed47f89,snap_twitter_tar_parser,ego-Twitter,47673661.0
twitter,twitter_graph000499,499,train,186,3251,b3fa21dd83e401bbd538ec966ba360b80d0a1ae64c3350dedf2a96bf57667946,snap_twitter_tar_parser,ego-Twitter,47854857.0
twitter,twitter_graph000500,500,train,96,1856,a367ff9beb59e0b829e75f5d789b61fd74f20311cb8b830f26e0c28be8fd701b,snap_twitter_tar_parser,ego-Twitter,48132655.0
twitter,twitter_graph000501,501,train,146,786,a1596ad8da7e6da06360608d390bea5f0310d89319ac6d736759834a8e07cd67,snap_twitter_tar_parser,ego-Twitter,48436259.0
twitter,twitter_graph000502,502,train,45,284,3969aaed040a546fe5336d44d9e211932b2c640f338ca918c506de00c0d293bf,snap_twitter_tar_parser,ego-Twitter,48730516.0
twitter,twitter_graph000503,503,train,51,171,1d3d5cb317fc25b80ca2795bb3f63fc2c93126cb2923bf2a88b094619267c551,snap_twitter_tar_parser,ego-Twitter,49098552.0
twitter,twitter_graph000504,504,train,179,3218,d80eb1d1024c90fb86116e83a3096a5b986a51773f98327530f281408ada177b,snap_twitter_tar_parser,ego-Twitter,49253437.0
twitter,twitter_graph000505,505,train,109,333,1588c189679888a460237e355b8f2b2997fd25857dcb33aed5ca4f38d5ec1083,snap_twitter_tar_parser,ego-Twitter,49414491.0
twitter,twitter_graph000506,506,train,205,1250,b13480a7189fcdd34edfe1bedcbe179108a5270a384db9c6a8bcc224e53647e8,snap_twitter_tar_parser,ego-Twitter,49536244.0
twitter,twitter_graph000507,507,train,63,773,81ffebbe09f30086ee8ae1cace9ebbe0fbf05938c47600da7d68309ed3760c35,snap_twitter_tar_parser,ego-Twitter,50145896.0
twitter,twitter_graph000508,508,train,76,425,8e063a519e8c081d8960a93b2f989bf2461899fc3b061d4d2bb7a2596a8028da,snap_twitter_tar_parser,ego-Twitter,50189671.0
twitter,twitter_graph000509,509,train,197,3123,466b8692a09d332e6c2574051ba1e82d3edf4b5674b04cbfb7f4ed401d836ba3,snap_twitter_tar_parser,ego-Twitter,51694885.0
twitter,twitter_graph000510,510,train,90,443,8fa94922a3d19c6ae06a6c6bc5a8a969619441d64b742560935b845ab9ca0e3a,snap_twitter_tar_parser,ego-Twitter,51775432.0
twitter,twitter_graph000511,511,train,163,4396,60c5f64438b4ce6f3a2e6a064c6b5c98f3cf544e540a037794c971e816c3d050,snap_twitter_tar_parser,ego-Twitter,52330027.0
twitter,twitter_graph000512,512,train,159,2913,090ca2c201a125ec48270f5f6e08ae455bfe1fa34cc36349500e829c69deca7d,snap_twitter_tar_parser,ego-Twitter,52405864.0
twitter,twitter_graph000513,513,train,89,960,cb089cb1f85f7130a34e7eb3e92f099347f6dd13ce8a219972c99a537034e905,snap_twitter_tar_parser,ego-Twitter,52442002.0
twitter,twitter_graph000514,514,train,229,2184,37b7861153d5590e1d0f8763531b64bab7eac72f2cc12834110f184ad458d06a,snap_twitter_tar_parser,ego-Twitter,52498113.0
twitter,twitter_graph000515,515,train,215,1924,a9a05803c98d0cd85293e5d8d3d3d33cd5638170f78cde3f49fad1edadcd85a1,snap_twitter_tar_parser,ego-Twitter,52772629.0
twitter,twitter_graph000516,516,train,29,206,30b98eed246605f952cd90714beb42ebacf15c38e00af5129dc9e906c13fc3a7,snap_twitter_tar_parser,ego-Twitter,53235381.0
twitter,twitter_graph000517,517,train,164,1688,21759c8a4ddd75c9e02ab411795a43360e3b82634a3815e19eae6354933b4e75,snap_twitter_tar_parser,ego-Twitter,53685618.0
twitter,twitter_graph000518,518,train,194,2547,87c86b0f3d5c000b13341a51458292556510aa1c345f99ba136248d997133c2c,snap_twitter_tar_parser,ego-Twitter,54107218.0
twitter,twitter_graph000519,519,train,62,343,a30ef56b9dd289e31e09933a90f000de8542b47d5ccbb06c1e9fb7c4ec175d4c,snap_twitter_tar_parser,ego-Twitter,54168315.0
twitter,twitter_graph000520,520,train,117,898,d5d3289991e709c29497648228fdd677c8f5692e2263264c2664e85f15afe169,snap_twitter_tar_parser,ego-Twitter,54178513.0
twitter,twitter_graph000521,521,train,103,1055,c098b350f00a96da576cbdd6ee6529dbe14fe256bd7ba25fe3c329a5f66e372a,snap_twitter_tar_parser,ego-Twitter,54226675.0
twitter,twitter_graph000522,522,train,42,211,2e83b3cdc84bf216b5917a2e6b18487e9182c80fb9121a9a6e67485e0ba86e96,snap_twitter_tar_parser,ego-Twitter,54331626.0
twitter,twitter_graph000523,523,train,95,875,47353b36a48b9ee93f15e4c691d8bff807618660a7b8b3045a4212b5087eac0c,snap_twitter_tar_parser,ego-Twitter,54460963.0
twitter,twitter_graph000524,524,train,106,1062,c378ebc8f9cd1647cdefc44448014526fea5155f994e211cb4128db0cb776933,snap_twitter_tar_parser,ego-Twitter,54695584.0
twitter,twitter_graph000525,525,train,81,790,db01d6e589677d783097a928ea4ad76df5ca15605f638489e8c9e20515c1af1b,snap_twitter_tar_parser,ego-Twitter,54791004.0
twitter,twitter_graph000526,526,train,231,5409,bd00adaa3b27c3cd966c076838bbbb96f5c20ea66ac2bc77ba7d8b6ee9b7c828,snap_twitter_tar_parser,ego-Twitter,55019615.0
twitter,twitter_graph000527,527,train,83,661,2f5e3b9427b8daf71090f500567dda87a616bd410f5fb134aad49a66f900fd86,snap_twitter_tar_parser,ego-Twitter,55928029.0
twitter,twitter_graph000528,528,train,184,3600,b3fbb8dace4e7b73b834b0d0ecdeb42cab8f43477b66ccce16c9da1e3fa38a14,snap_twitter_tar_parser,ego-Twitter,57828817.0
twitter,twitter_graph000529,529,train,240,7235,196d64ae2e1c41c944d159af829375a70e5fdf032da34b9c401e4745f530b4c2,snap_twitter_tar_parser,ego-Twitter,58427526.0
twitter,twitter_graph000530,530,train,15,89,2eee10996c762b2f5dc54442a39a3c375328237b359aa407f7c0aa055efb484c,snap_twitter_tar_parser,ego-Twitter,58525541.0
twitter,twitter_graph000531,531,train,229,1696,61ee49b78060c06e3fd0f537fd92810356ab7f504f310f3a0602eee7b36a5ead,snap_twitter_tar_parser,ego-Twitter,58641627.0
twitter,twitter_graph000532,532,train,189,2391,05880efe48a952781463835869c4f692d0db85664aae5c8d72411a8a9220282f,snap_twitter_tar_parser,ego-Twitter,58930815.0
twitter,twitter_graph000533,533,train,137,883,ae4fa7000e2f63c561df6959d1dcb503b652a262fc6440ca84212ffa397ac224,snap_twitter_tar_parser,ego-Twitter,59359628.0
twitter,twitter_graph000534,534,train,180,2228,25c3f5b4aed0e6d6d7df63b6f3ec0af1b110ff3312d5844fc38afa79e38d77ef,snap_twitter_tar_parser,ego-Twitter,59588845.0
twitter,twitter_graph000535,535,train,140,847,e5ad61858f9c34955d929586c01623e13125a163c5c354faf68a513f02c7cd17,snap_twitter_tar_parser,ego-Twitter,59676554.0
twitter,twitter_graph000536,536,train,192,3728,242de8d7dfb21e891cd32620b454b52d4034f85e8cab8d9d2d931c90dbf9e8c6,snap_twitter_tar_parser,ego-Twitter,61086747.0
twitter,twitter_graph000537,537,train,56,327,4ae423b1a5f15941d9888988b81a4d3e1210dab20db71db5f4e8df48505142a8,snap_twitter_tar_parser,ego-Twitter,61158706.0
twitter,twitter_graph000538,538,train,144,1645,97c11d971ffb9ca7a22ea23ccc8e2532eec2cd2e8bfb520cb61831a98f5263d8,snap_twitter_tar_parser,ego-Twitter,61311054.0
twitter,twitter_graph000539,539,train,24,129,2b4b066c7f8e310bf791b1038306c0c182062ffd327bdd9622df642e9dcc68a2,snap_twitter_tar_parser,ego-Twitter,61781462.0
twitter,twitter_graph000540,540,train,34,139,350011a703ec54859b2779134ee282c47daf4b58244a8d9cb7a1e3b6dcabb8da,snap_twitter_tar_parser,ego-Twitter,61890555.0
twitter,twitter_graph000541,541,train,46,595,abc7733c942ed34f0a8205251f13eaeb743493b06e83d4615da44e47a119614c,snap_twitter_tar_parser,ego-Twitter,62609430.0
twitter,twitter_graph000542,542,train,43,431,34db3739207109580447815eb5aac3c9bb15eda81ec5332db97b2eaa3a8a935a,snap_twitter_tar_parser,ego-Twitter,62740714.0
twitter,twitter_graph000543,543,train,118,1734,0538f416da77a126c26ffff2ccf0bc7b55fbc4e9c3a3b51b08061bdffbdd6d1f,snap_twitter_tar_parser,ego-Twitter,62759402.0
twitter,twitter_graph000544,544,train,231,3748,acbc4f65b835259f6d1c4d4e8d2a86ded31040c7dd0415e6a4be39ed64b8933d,snap_twitter_tar_parser,ego-Twitter,62985251.0
twitter,twitter_graph000545,545,train,55,680,340b0cc08fc0ef4008365d45e49fc100f37bffbf2f5ccc61cd7ecab4bb9a6b7a,snap_twitter_tar_parser,ego-Twitter,63084853.0
twitter,twitter_graph000546,546,train,213,6729,7fd866a5c9ee9f625c47f58bcf22213259b6e9411acc7c3dfc20f789d6b36ded,snap_twitter_tar_parser,ego-Twitter,63207451.0
twitter,twitter_graph000547,547,train,167,3776,8742b211c34fac5b3d6d58c6cb9831ef1a410aafbea1312c2796a0623d6c4407,snap_twitter_tar_parser,ego-Twitter,63787760.0
twitter,twitter_graph000548,548,train,37,97,b0ac14c9dad94abe6eb52664cd5eea930e6620a14b85b86c60a8c7556f77f6af,snap_twitter_tar_parser,ego-Twitter,64253854.0
twitter,twitter_graph000549,549,train,149,937,d9ddc27ba4ad18c16d8755738f35e231d90cfe72cfe9bedbc053573ab70a6a3a,snap_twitter_tar_parser,ego-Twitter,64441390.0
twitter,twitter_graph000550,550,train,42,320,b04a95f9c2e66ee5b1dfa2e29562fad36621096fe926a376341aa1c438ccac4f,snap_twitter_tar_parser,ego-Twitter,64496469.0
twitter,twitter_graph000551,551,train,69,925,70ec87717ef0a5405ac0d52303ab809074e90b0af8637e24bd9f772bd7876ed3,snap_twitter_tar_parser,ego-Twitter,64508047.0
twitter,twitter_graph000552,552,train,172,2280,e15ad8dc897ad122a8e8c9fb7072b3e99dc3540058cdb8e02a93aeb5db9791a2,snap_twitter_tar_parser,ego-Twitter,64619842.0
twitter,twitter_graph000553,553,train,197,3899,0f37833ac5698dc43dc0316659b99dff842beedb29d6b59d95c3db72eef0c1b2,snap_twitter_tar_parser,ego-Twitter,64931560.0
twitter,twitter_graph000554,554,train,105,714,b4a1a627b52b2357fed7b72245672d17728077b4d3b1857d9980f26783f86777,snap_twitter_tar_parser,ego-Twitter,65185224.0
twitter,twitter_graph000555,555,train,181,1005,7a57a0d57c33877095483d86fe8d9b296bdc9561b4b262732e44969462e34c69,snap_twitter_tar_parser,ego-Twitter,65357070.0
twitter,twitter_graph000556,556,train,65,372,1d22bbe3c32d56869e138dbccd33230cb47bfdb37f56475d30609df7a1172d01,snap_twitter_tar_parser,ego-Twitter,65360846.0
twitter,twitter_graph000557,557,train,36,137,4b42843aefbea63b151fb6f6803cf835cdaf1ede1c18cebca6e38509a7dab004,snap_twitter_tar_parser,ego-Twitter,66100530.0
twitter,twitter_graph000558,558,train,134,2296,4df4906135675044a1942400cabc87e46ea63423d30d03886172aa8beda5a56f,snap_twitter_tar_parser,ego-Twitter,66136244.0
twitter,twitter_graph000559,559,train,100,1331,d9f1c87a4401ab74be4aec7be32d56654cdf1e0d67cf728fabd52baa8b83be7f,snap_twitter_tar_parser,ego-Twitter,66185823.0
twitter,twitter_graph000560,560,train,172,3194,1af6c7403a321449b9f9955a91f865e58079371aa9249e5a3b455ff69f72df5e,snap_twitter_tar_parser,ego-Twitter,66761133.0
twitter,twitter_graph000561,561,train,89,307,d532c1673deef137cfbd2bc8d51809a95e6b6ba390d8b21db9f24b2c4a09963c,snap_twitter_tar_parser,ego-Twitter,66804457.0
twitter,twitter_graph000562,562,train,84,440,06ec146960a9f17410b361375ac14c3438c6eaba5ddb55029318094fcf49c5f7,snap_twitter_tar_parser,ego-Twitter,66841215.0
twitter,twitter_graph000563,563,train,91,1615,df67d5b6cad5ed5ec7cb493eb2d810268ead6139034689b6fb539953992a326a,snap_twitter_tar_parser,ego-Twitter,67378554.0
twitter,twitter_graph000564,564,train,38,206,47fc2578b627f2c83fc163673b3d22d8d27a205661f9313e9cb0728632d8d53d,snap_twitter_tar_parser,ego-Twitter,68179571.0
twitter,twitter_graph000565,565,train,115,1367,df406af5a3ef0bc4d4509792ae86672adcc13f060c0bdbededee917b2a8ea31f,snap_twitter_tar_parser,ego-Twitter,68257605.0
twitter,twitter_graph000566,566,train,46,189,6f32d3979731a8cc4b2ed92fd3b828e6ff9b889e887b2a2b783810d4452115e9,snap_twitter_tar_parser,ego-Twitter,68480165.0
twitter,twitter_graph000567,567,train,200,1434,2526650ade36554ebd012c64952a8c07dd3f42b0af086dc878041f0df1b65441,snap_twitter_tar_parser,ego-Twitter,68732646.0
twitter,twitter_graph000568,568,train,174,3216,051326faa6e9ba8e579297e56203a45556e03aa652fb77b35617f830eac6e0f1,snap_twitter_tar_parser,ego-Twitter,69049114.0
twitter,twitter_graph000569,569,train,233,1864,02409ea08011f7d7fbf5134b883ffb9cd80fc3dbae20f1d2974813534663bc61,snap_twitter_tar_parser,ego-Twitter,69193714.0
twitter,twitter_graph000570,570,train,160,3264,acdb935712c26be53605114a12e3f4915f315aa176f1f6f33e2d155dfd72b500,snap_twitter_tar_parser,ego-Twitter,69548480.0
twitter,twitter_graph000571,571,train,90,658,a3d901a95d050005567e30f240c5477424e1cf04cb839e02c67ba4cc45b05601,snap_twitter_tar_parser,ego-Twitter,69624952.0
twitter,twitter_graph000572,572,train,94,844,77414acd0015472670f01e519f9fe30063a9d279addf1960bd11595017f9b993,snap_twitter_tar_parser,ego-Twitter,70123665.0
twitter,twitter_graph000573,573,train,90,1494,f35873f2c05a9b48d360bc348cc0d24e6f6b779e0770629a6593d28c325c1375,snap_twitter_tar_parser,ego-Twitter,70160230.0
twitter,twitter_graph000574,574,train,91,845,5447da24819ebe681a81f5188c0c217d58100f0728fc90c48cc7be33aef52ff0,snap_twitter_tar_parser,ego-Twitter,70492333.0
twitter,twitter_graph000575,575,train,71,586,88a9c932c6fadd81b366f228595b19238723d0e1db6c03d0f4d5fba41625c07f,snap_twitter_tar_parser,ego-Twitter,70620846.0
twitter,twitter_graph000576,576,train,27,93,89eebcf2e447cfb3da7cfe66836d5c2fcaf41d20c400fcab2a4014fbdd2171b4,snap_twitter_tar_parser,ego-Twitter,71091272.0
twitter,twitter_graph000577,577,train,141,2789,e014bf89d509493f301a0bea61d89b44cc4e665e002e40045ac4421b0298a4a3,snap_twitter_tar_parser,ego-Twitter,72339761.0
twitter,twitter_graph000578,578,train,182,3257,b5c9d929f1ce73891d5f6457cb92f328b61ce359e6e09d490be2a9add152aab3,snap_twitter_tar_parser,ego-Twitter,73024519.0
twitter,twitter_graph000579,579,train,162,1575,297581e261eecae429a61cc11b2092112cc59e2378886f400c63d2d60092b0bd,snap_twitter_tar_parser,ego-Twitter,73025843.0
twitter,twitter_graph000580,580,train,50,145,59ebd4666576dedaefb17d1c61513a19ed089a9d37beed066533d44e6e6ca0e2,snap_twitter_tar_parser,ego-Twitter,73298877.0
twitter,twitter_graph000581,581,train,85,895,af578ce2042af3ec0525a4a1508d7678b22f28c72159662698d41632cd846cbd,snap_twitter_tar_parser,ego-Twitter,73443014.0
twitter,twitter_graph000582,582,train,210,3181,a49d3d72d54c8152cd4dfaeb3474f7dbadf305cc459dd4d3a2790c47ba0aba72,snap_twitter_tar_parser,ego-Twitter,73707412.0
twitter,twitter_graph000583,583,train,80,783,c4e9225c4e6b688b4218b9e045d2df36f57ee5060a41fe3512b485e13be04e63,snap_twitter_tar_parser,ego-Twitter,73738774.0
twitter,twitter_graph000584,584,train,66,449,971d40a0b6db87bf0f2265b06993ad9f97ec483dce9e9697f34fca0a5a817e97,snap_twitter_tar_parser,ego-Twitter,74264908.0
twitter,twitter_graph000585,585,validation,240,5641,cff3ff81443a184616ed0eb8cb3008607211776e8e8838ac5d5e4f25583f0638,snap_twitter_tar_parser,ego-Twitter,74651704.0
twitter,twitter_graph000586,586,validation,93,472,4f8e293164efce1da4d25574940cb021e7b62808e5cbfebace2f4259ef442544,snap_twitter_tar_parser,ego-Twitter,75321229.0
twitter,twitter_graph000587,587,validation,115,459,21f3e226ab28340b9bfffd6b838cadf59365d9bc2bf8c436691d610b1bbc7744,snap_twitter_tar_parser,ego-Twitter,75343905.0
twitter,twitter_graph000588,588,validation,178,3025,fac0aadce1b835163015fac4ccced7c5a88a06b7c3ef7d2dc0187acfb230269f,snap_twitter_tar_parser,ego-Twitter,75370828.0
twitter,twitter_graph000589,589,validation,203,2003,bd74ce1e16352dc7d82d6f02bc7f87e785cba97b15b4d67f98e4a7ec48e39e6f,snap_twitter_tar_parser,ego-Twitter,77404713.0
twitter,twitter_graph000590,590,validation,88,1075,2f9950921dcf43f2b6c4c18fe834dc8338c53db73a9d3fae3018e5aa24333aa1,snap_twitter_tar_parser,ego-Twitter,77843323.0
twitter,twitter_graph000591,591,validation,58,705,e6ad248b616485e154abc65d1a7e0e216cdc20502dadb582f8bd2231cede6439,snap_twitter_tar_parser,ego-Twitter,78138151.0
twitter,twitter_graph000592,592,validation,103,619,9a047bd3dbc37dc8407a183dc8e47c31ece05bc63b6f1fe76c2f53760007e850,snap_twitter_tar_parser,ego-Twitter,78391198.0
twitter,twitter_graph000593,593,validation,231,4221,02f19dfdf58f692844aa036033197d89379a3b29d7ffb3159dc1fc08435728eb,snap_twitter_tar_parser,ego-Twitter,78944566.0
twitter,twitter_graph000594,594,validation,236,3439,5af181dfa7f57e6c18131e2de83a82a0539c5310d6d5194b84998a13e41154bd,snap_twitter_tar_parser,ego-Twitter,79797834.0
twitter,twitter_graph000595,595,validation,80,1216,547ac1abd8a5663fd0a7b94f65fad237c5683a20a159607485b3cfe6cef5af32,snap_twitter_tar_parser,ego-Twitter,80297299.0
twitter,twitter_graph000596,596,validation,207,1760,85419bfa341d7ccca4a6f15c99886807ca6e427523ea8b3d5d7041501f6a00ef,snap_twitter_tar_parser,ego-Twitter,80317145.0
twitter,twitter_graph000597,597,validation,85,548,980893b4a6b1a74d34f39da931ed3436abc79eb64081ad8551c185c2feab3e15,snap_twitter_tar_parser,ego-Twitter,80479756.0
twitter,twitter_graph000598,598,validation,121,2333,44e06ff241bd2922f02226456593f0e4f9f23e6dfe08918cecdfdd2880200708,snap_twitter_tar_parser,ego-Twitter,80660928.0
twitter,twitter_graph000599,599,validation,167,2913,32d227bbacdb45496dba4d3af09c786eb23d2371a0ce7921bae5d4a3da4d3350,snap_twitter_tar_parser,ego-Twitter,80681990.0
twitter,twitter_graph000600,600,validation,123,653,4d9d820246375175a0f079e5c604f68cb3377106f206a4a1e7d4c1e11514d4a1,snap_twitter_tar_parser,ego-Twitter,80688804.0
twitter,twitter_graph000601,601,validation,110,563,8f699dbd865a946a72fbdb13ba5168d8a8963ba7540dca21b9753c3bb7caa1d6,snap_twitter_tar_parser,ego-Twitter,81938351.0
twitter,twitter_graph000602,602,validation,127,1121,68dc9b67fc6103b7ac80216d3871da14fc9d77260c79342bed30b83697d8eacc,snap_twitter_tar_parser,ego-Twitter,82726142.0
twitter,twitter_graph000603,603,validation,91,613,4fd41058e0851a8a4b50460320aa345f17a557f5cc8625faa3db2f9df3c6dfdd,snap_twitter_tar_parser,ego-Twitter,83048001.0
twitter,twitter_graph000604,604,validation,149,2178,7f0ef39fede0390ebef0cebcbca524da87d06ab31e328427a789bda4c8a6f404,snap_twitter_tar_parser,ego-Twitter,83285096.0
twitter,twitter_graph000605,605,validation,114,930,aae8c68cbd1af65d95d3002243c844a57be8fa9e7fb14769c628398bfd3ac247,snap_twitter_tar_parser,ego-Twitter,83478370.0
twitter,twitter_graph000606,606,validation,79,798,f27852fad53529d2c9742bae657492f599aae3a7295e066e1a77889349c89e2f,snap_twitter_tar_parser,ego-Twitter,83883736.0
twitter,twitter_graph000607,607,validation,33,220,96cfc917c26cdbd048320db42099c97cdb1448decbc67d059440b8d2fa9bd53e,snap_twitter_tar_parser,ego-Twitter,84114921.0
twitter,twitter_graph000608,608,validation,173,1813,5e4c33fd1604688b6239beee960975a6fbfa53beb557029603cfcc2c5446ab32,snap_twitter_tar_parser,ego-Twitter,84473837.0
twitter,twitter_graph000609,609,validation,138,2384,ee3aaf732129fd18923605194adcc430baf59b8152e43f29e8d38c776fe8b6bc,snap_twitter_tar_parser,ego-Twitter,85432934.0
twitter,twitter_graph000610,610,validation,196,4093,ba39527a905210ac4bb652a22b13b2c0e1027027ad94ed596bd9e98c21d362c3,snap_twitter_tar_parser,ego-Twitter,85716069.0
twitter,twitter_graph000611,611,validation,239,2898,636f0b064073b32371f2c6e384858eb43f0211c620397c042d1cb73cdeca8f25,snap_twitter_tar_parser,ego-Twitter,86560711.0
twitter,twitter_graph000612,612,validation,49,355,665d8b8fe84c1b7d99c6a3942483c70561b62de82bd7a1dd3100647ae3e9d270,snap_twitter_tar_parser,ego-Twitter,86664924.0
twitter,twitter_graph000613,613,validation,155,4032,264dc00a4ce68a72065a63f2f25d4a386a0293f0621cdbf96e3b6f00e1b628c8,snap_twitter_tar_parser,ego-Twitter,86775971.0
twitter,twitter_graph000614,614,validation,66,485,3885dba4336e03d99742f6faa028cf86868771cd99fc054f293a1b2475fc78a3,snap_twitter_tar_parser,ego-Twitter,86799233.0
twitter,twitter_graph000615,615,validation,83,577,b27c0d3d292405c800da6543160a5b7cd20248d28b62c53a30dde38d82f20d4a,snap_twitter_tar_parser,ego-Twitter,87004822.0
twitter,twitter_graph000616,616,validation,118,1637,f1c08ab01066ddcfa4672175e31db248478629c7b0cd87a538ceea8d735abc30,snap_twitter_tar_parser,ego-Twitter,87114066.0
twitter,twitter_graph000617,617,validation,228,2829,293aab5cd1640ac4961cfc690ea54e0cca49fac5115f52b3bdc5a055160b6cb5,snap_twitter_tar_parser,ego-Twitter,87525002.0
twitter,twitter_graph000618,618,validation,79,825,9eebe98a84832445bd5852f5a98663198526e47c5d73be86e371907c35ee77a9,snap_twitter_tar_parser,ego-Twitter,87771546.0
twitter,twitter_graph000619,619,validation,214,3285,5f919818e05fde8daa26768f050f0ead6de0c233cde130b0b01d243a0120f529,snap_twitter_tar_parser,ego-Twitter,87798068.0
twitter,twitter_graph000620,620,validation,223,4080,0421d8120c453d82cc5aca6d2bc4bfee1f78a8ee5b6e3f650aa686fc69664fed,snap_twitter_tar_parser,ego-Twitter,88456842.0
twitter,twitter_graph000621,621,validation,240,2767,dbcdae0cc185f8f468ebeb5623b077a981bf7b2c39c74781478152db392e1c2d,snap_twitter_tar_parser,ego-Twitter,88639412.0
twitter,twitter_graph000622,622,validation,76,240,dfd04b9131c60071e638be48532cabac88dccf1bcdcf4aec8226dc9983f43a21,snap_twitter_tar_parser,ego-Twitter,88931752.0
twitter,twitter_graph000623,623,validation,231,2932,6bc58a9e42bf3953cf85752a02af2806104295d560b7fa1a76200b3a040bf6a7,snap_twitter_tar_parser,ego-Twitter,89032548.0
twitter,twitter_graph000624,624,validation,217,6948,b994e77453b4f9f9bed7e0accf2aeafc6978b948926cc89eca78afbe81c069f7,snap_twitter_tar_parser,ego-Twitter,89826562.0
twitter,twitter_graph000625,625,validation,130,1346,9052a34ef0d9ee4e2a75596a2ad91ff5608a8076a784dad0021b96cd89c999c1,snap_twitter_tar_parser,ego-Twitter,90072587.0
twitter,twitter_graph000626,626,validation,12,39,0434d250dd93e88866caea2d7fa7a6d0b9e600e6a5b827ba491170d3eef0fed0,snap_twitter_tar_parser,ego-Twitter,90880254.0
twitter,twitter_graph000627,627,validation,181,1849,af641420cb228830c1b8e1f068ddc26873ea3a49b31b1703ea04f2706c7ae488,snap_twitter_tar_parser,ego-Twitter,90998968.0
twitter,twitter_graph000628,628,validation,181,2984,00c7557607b281bb2628a7528fefc556047f55d62424a0582eedfef5628b5f41,snap_twitter_tar_parser,ego-Twitter,91067832.0
twitter,twitter_graph000629,629,validation,67,752,39280de704c15c69d4cc967bd3d8248b6e22e19b8084b4a61f51ce9236136eb1,snap_twitter_tar_parser,ego-Twitter,92715435.0
twitter,twitter_graph000630,630,validation,186,3197,f2da0f1794bc4912dcb92f182f8bae5f4e6e5503af0f68a9b2f57302bd1e3b42,snap_twitter_tar_parser,ego-Twitter,93006320.0
twitter,twitter_graph000631,631,validation,189,2778,796263e3583ae1b60b7c4f8098211ed9e6b2baa15a78380a6d551e19e94344c0,snap_twitter_tar_parser,ego-Twitter,93787797.0
twitter,twitter_graph000632,632,validation,126,1339,f1012d8039e1c7500ae0a6c06a2e60b4411e87bf94c0ef18c139e753fe884e1c,snap_twitter_tar_parser,ego-Twitter,93906304.0
twitter,twitter_graph000633,633,validation,112,1231,f4fff486dca9098bc17eccba2cc846fea5a0f2f1a3da587732a0541fc1e62524,snap_twitter_tar_parser,ego-Twitter,93998005.0
twitter,twitter_graph000634,634,validation,92,466,c79601252a3a0c15f4e1de39cf36cf920bbd1e85c9aedd09c439614ff8ad3c9a,snap_twitter_tar_parser,ego-Twitter,94147192.0
twitter,twitter_graph000635,635,validation,160,3937,e2baf14293299f54394163e6e099fe99c908940a67c4b5db5f61f4a4d6400dd0,snap_twitter_tar_parser,ego-Twitter,94480069.0
twitter,twitter_graph000636,636,validation,182,1417,5b0daa5774b2b40fa0c5816f54a888aefd7e025e994c8885c3d513cc5e5d84ad,snap_twitter_tar_parser,ego-Twitter,94915681.0
twitter,twitter_graph000637,637,validation,233,4373,9247f40519bd2065899ab83a916f5890d4f596ca4012a8a25e169d21e67d30dd,snap_twitter_tar_parser,ego-Twitter,96483973.0
twitter,twitter_graph000638,638,validation,14,42,88e54a8faeb5a6106a102dddace7755347e14451fe2a002420a5e6446e776cb6,snap_twitter_tar_parser,ego-Twitter,96545499.0
twitter,twitter_graph000639,639,validation,137,1919,868c00303a444de103abeef60d13e63a781e6bf2324ddff5167c892dda1d92f7,snap_twitter_tar_parser,ego-Twitter,96843721.0
twitter,twitter_graph000640,640,validation,188,4836,433968d047537b693c220e1df4f5ec887e91bf6b7d6c9615ca43ebca7ed9296a,snap_twitter_tar_parser,ego-Twitter,96907622.0
twitter,twitter_graph000641,641,validation,33,113,9b303a77cbca6168087a90b1d527f0fa8d7f81d501c0bd22fc59bc7efbc2462f,snap_twitter_tar_parser,ego-Twitter,98345808.0
twitter,twitter_graph000642,642,validation,142,1924,579dad81dec4854baccbb5542a7a674e579fc3ac1f7b0f3cbad361a970e6b7d9,snap_twitter_tar_parser,ego-Twitter,98633794.0
twitter,twitter_graph000643,643,validation,6,9,74f64a95ec17bb5a6aa454bf9372f43d92ae14f436261606be762c4dfde64bab,snap_twitter_tar_parser,ego-Twitter,98801140.0
twitter,twitter_graph000644,644,validation,94,594,0e3f58b3a6951dbf7aec7db16d45df0e589afdf77202fd2b5b8b11badd771c1e,snap_twitter_tar_parser,ego-Twitter,99841247.0
twitter,twitter_graph000645,645,validation,221,6191,3c65c8978fb8082d779e9bbdd1440c404a779cd1cdbc790747e1105a413d423d,snap_twitter_tar_parser,ego-Twitter,100318079.0
twitter,twitter_graph000646,646,validation,24,167,2cd1aa34ea2210c958ef57fe46de9ef174b7fd2fd9d07ecda821a79ff56e7dbe,snap_twitter_tar_parser,ego-Twitter,101859065.0
twitter,twitter_graph000647,647,validation,15,50,72209fd0ff794524b3aa7623959c4aab617e435275a4c0baff84232c0b663ea0,snap_twitter_tar_parser,ego-Twitter,101903164.0
twitter,twitter_graph000648,648,validation,85,864,216f8ebeb371a8409e75980c60b7abf9715e3c4273d45f364a75be107a99f53a,snap_twitter_tar_parser,ego-Twitter,102765423.0
twitter,twitter_graph000649,649,validation,227,3860,d227e5c299ce9787bfd25934a2fdccf694db9384694548f6d7d2511d3416e415,snap_twitter_tar_parser,ego-Twitter,102903198.0
twitter,twitter_graph000650,650,validation,92,462,72fd79b54fcb4a3e47c846c2675c3bd834f6c22b46e7913f0394a32f0f0f507c,snap_twitter_tar_parser,ego-Twitter,103431502.0
twitter,twitter_graph000651,651,validation,119,2090,73bab6f093bba39f7eac1d58b368494c1bb957c7bdb3ac45527ccb9d7a81e62e,snap_twitter_tar_parser,ego-Twitter,103865085.0
twitter,twitter_graph000652,652,validation,82,522,ee0944e6d450fa3ad0be2f6b2baccf89440359c1a9b952014c8fc2306ac28f65,snap_twitter_tar_parser,ego-Twitter,103991905.0
twitter,twitter_graph000653,653,validation,14,70,5b36a8196bb810525b7b3ff84f4bcc7d6d778f2a2df6189d0f361fe253e0d810,snap_twitter_tar_parser,ego-Twitter,104324908.0
twitter,twitter_graph000654,654,validation,49,403,672abd05bdea844f5b119edefe9f213b75ae6630eb3a1531956dfe6ff12748cd,snap_twitter_tar_parser,ego-Twitter,104615636.0
twitter,twitter_graph000655,655,validation,181,2139,d20016c6a3a1d80826f0c415c708f70fef9173010490ad2e1bb459627f4615a4,snap_twitter_tar_parser,ego-Twitter,104991493.0
twitter,twitter_graph000656,656,validation,211,3457,0161db9dac0294264078aa65b9626363dcdacb1710a3147fe522ffee3fb3bc02,snap_twitter_tar_parser,ego-Twitter,105150583.0
twitter,twitter_graph000657,657,validation,22,137,1ed37bcfab5f21899b0bfe79e5eba58f986725f031e9e4415e667516ec9cb40a,snap_twitter_tar_parser,ego-Twitter,105398724.0
twitter,twitter_graph000658,658,validation,171,2343,0ae914318ffbd0b37de1505744603a42877890a254f5efe3ee70231dfe0d8573,snap_twitter_tar_parser,ego-Twitter,105918870.0
twitter,twitter_graph000659,659,validation,24,208,65fde2bf7512fe8aaa9ade63a3ea7d8d6614deab5af65f432c8912399a4a63d1,snap_twitter_tar_parser,ego-Twitter,107172099.0
twitter,twitter_graph000660,660,validation,176,1580,d1389c63b687f5b991357b73711f55af42c3712659d2bbb30d2428cbea55c61e,snap_twitter_tar_parser,ego-Twitter,107418464.0
twitter,twitter_graph000661,661,validation,25,216,1bfe6fdad5d03ce61905b31fb08a3034b000cf9d7cab1f90478fc791f33ee439,snap_twitter_tar_parser,ego-Twitter,107511013.0
twitter,twitter_graph000662,662,validation,139,1777,aff971684a8095ca46dc56fccd6d4c785d729e71de6b7aa558305efea6ae005a,snap_twitter_tar_parser,ego-Twitter,107512718.0
twitter,twitter_graph000663,663,validation,222,5871,038b6fe8db123340a2ee2784224052e311cf9e3bc016e33cf98043a811001440,snap_twitter_tar_parser,ego-Twitter,107516840.0
twitter,twitter_graph000664,664,validation,205,1736,154c2d5e81197c4cd9b736d733f953781974a7fe532454e7a442455bd304147a,snap_twitter_tar_parser,ego-Twitter,108159877.0
twitter,twitter_graph000665,665,validation,214,3176,31ff4fe75dcd6011d557fc9863b9d99a0101622c5086cb6c44d6a99c3fec44bc,snap_twitter_tar_parser,ego-Twitter,108205076.0
twitter,twitter_graph000666,666,validation,39,336,8b77d6843f524db5eb724bc09a7048cad2bbab06db1a7a37785d2602230cd524,snap_twitter_tar_parser,ego-Twitter,110536616.0
twitter,twitter_graph000667,667,validation,106,678,17195e4de1587992019ff49fe7e2ba175b07fe54be16821ded61d8b760eedc46,snap_twitter_tar_parser,ego-Twitter,110755733.0
twitter,twitter_graph000668,668,validation,150,2503,209d181086faf7579adac865aeca86ece150b383a38848cd8f20ffb6f63278ba,snap_twitter_tar_parser,ego-Twitter,111045742.0
twitter,twitter_graph000669,669,validation,189,3127,28fdcb8f68aaa4bda5a95d3cb1bbd4dfb8c5d7d0cc7ec81cea8555578f4b95b3,snap_twitter_tar_parser,ego-Twitter,111374622.0
twitter,twitter_graph000670,670,validation,187,2368,8f1fc41484562fc964e7bb3b8f8c5adc38b22a6ea277c81d9956fdb4a500efb0,snap_twitter_tar_parser,ego-Twitter,112628165.0
twitter,twitter_graph000671,671,validation,126,899,b986f4868834fb7515c296a69c5053b1d4d463bd286d8fa1f33fc8277bf6828b,snap_twitter_tar_parser,ego-Twitter,113196940.0
twitter,twitter_graph000672,672,validation,182,1086,c0a534dafb1a5ac5e5afcd14a45ee61ca52fe7f5b1f299d783a54bf5a5f0af93,snap_twitter_tar_parser,ego-Twitter,113509970.0
twitter,twitter_graph000673,673,validation,97,1189,bab115507b64b36a2d06c240f84aa51b4b208035e60ddb4a11a76a7b43e95ff5,snap_twitter_tar_parser,ego-Twitter,114115460.0
twitter,twitter_graph000674,674,validation,146,2879,a1a5709a08e69c5d95b08a72b6f9ca5829190ebdc54c8909d4ab58d406c934a1,snap_twitter_tar_parser,ego-Twitter,114885421.0
twitter,twitter_graph000675,675,validation,210,2288,5c889e5836ce76f6ecae57cb5db49256b4f0e71c9b7304441297bfe3e59f6b97,snap_twitter_tar_parser,ego-Twitter,115221382.0
twitter,twitter_graph000676,676,validation,121,3035,1169d3942f4a93f09440478cf8f23d8cffaaa15d520df624ce649ad4af841e38,snap_twitter_tar_parser,ego-Twitter,115911638.0
twitter,twitter_graph000677,677,validation,66,225,055acf663109f40f8a3ab09e04d2c3735d90834a006a5bfd8a9d12bae9cebca9,snap_twitter_tar_parser,ego-Twitter,116388817.0
twitter,twitter_graph000678,678,validation,213,3508,50a23cdd237ba64dfb29e31bd386b18cf92cc5ffdb5de9d13d901ac3a70b2437,snap_twitter_tar_parser,ego-Twitter,116798290.0
twitter,twitter_graph000679,679,validation,27,66,af56406e738282dd0f7f5359e2617310533b12500268769c55219d4d0d7098ca,snap_twitter_tar_parser,ego-Twitter,116808228.0
twitter,twitter_graph000680,680,validation,74,543,3fc2f6fe543196df6dda59f5b713746897ffb9bbdeb6648c32324d0ad09de803,snap_twitter_tar_parser,ego-Twitter,117029850.0
twitter,twitter_graph000681,681,validation,148,2802,11fed8e2df1c93a1902ab56bf4999dabade0514c85b5192592074322535502d7,snap_twitter_tar_parser,ego-Twitter,117671022.0
twitter,twitter_graph000682,682,validation,121,1197,b4d1831ffcb3f4182619932fabc570146ee0b779614360cc8d01c1eb04544640,snap_twitter_tar_parser,ego-Twitter,117800618.0
twitter,twitter_graph000683,683,validation,98,1081,412641a3f5a92dfe80a169a198d64706d15a7f1a8020ade3ecd2e4e83b932924,snap_twitter_tar_parser,ego-Twitter,117809922.0
twitter,twitter_graph000684,684,validation,39,456,456c0fced5391db3d24bd0635efb44c690c2c953d35c1e7882903e447143e19d,snap_twitter_tar_parser,ego-Twitter,119897041.0
twitter,twitter_graph000685,685,validation,34,284,812c1a7a863a4cb15062a44aeecdc0aa232ebf9d67353c8161ec6d6237fe08ab,snap_twitter_tar_parser,ego-Twitter,120157205.0
twitter,twitter_graph000686,686,validation,192,4190,77fb1d6cb2721938c0fc0a049001fbaf7ee69d44e21d6b9a5874ef54e28abfe4,snap_twitter_tar_parser,ego-Twitter,120459837.0
twitter,twitter_graph000687,687,validation,120,577,aedfae1b996390126fa3ad77b37c56c6d3e38a220a3998807fbbc3601d888abd,snap_twitter_tar_parser,ego-Twitter,120679977.0
twitter,twitter_graph000688,688,validation,186,2220,d825213987e0373b417b7c3afef2f1267219ecf4cdf91ec3dc903d8dcfefba30,snap_twitter_tar_parser,ego-Twitter,120971873.0
twitter,twitter_graph000689,689,validation,243,3076,d4f478b2e3c78ffad1faaca810fdce57e79210ad4ec98879af11ef5422a6bab9,snap_twitter_tar_parser,ego-Twitter,121202578.0
twitter,twitter_graph000690,690,validation,26,186,dc4a9df884c862af9283563abe375fbe47c2ce636d1e9f20c282ad7f6fcf4e5f,snap_twitter_tar_parser,ego-Twitter,121258930.0
twitter,twitter_graph000691,691,validation,145,1177,5348e3dc9e5f7d78c7fb5580492424bd057d55d952ab40cce9bac93a32363297,snap_twitter_tar_parser,ego-Twitter,121569946.0
twitter,twitter_graph000692,692,validation,99,1519,0d95e92011ef33d77aee6e547438c089007206b71eb7789e5a47284512d5b9d4,snap_twitter_tar_parser,ego-Twitter,121685268.0
twitter,twitter_graph000693,693,validation,69,328,093ea114d094b81650a69b907a3c27db910f4031f6da58bb00c56a6f643a3f46,snap_twitter_tar_parser,ego-Twitter,122216533.0
twitter,twitter_graph000694,694,validation,166,3445,bf9c0ec08113a63bfc844e64c339208b5bb0f6816b21e6957cc62028895c76bd,snap_twitter_tar_parser,ego-Twitter,123287376.0
twitter,twitter_graph000695,695,validation,225,2602,ec7ca148961efac9cc105a989302a24162c5f4c2bae36d56c7b1ba2cc6761c8a,snap_twitter_tar_parser,ego-Twitter,123684709.0
twitter,twitter_graph000696,696,validation,132,1458,93d8baf8142a9373b57a82524989acb8c24189c7f17363e6a6af1770667d708d,snap_twitter_tar_parser,ego-Twitter,124296976.0
twitter,twitter_graph000697,697,validation,226,4156,8a12a5e8cd6e757730798bdde4488769551450d75091a1d0f7c82d646fac2442,snap_twitter_tar_parser,ego-Twitter,124474025.0
twitter,twitter_graph000698,698,validation,111,745,1a1f993d860464a63efc72363828ab311d5d99b46ac6f5b5254c20d52e84d324,snap_twitter_tar_parser,ego-Twitter,125098615.0
twitter,twitter_graph000699,699,validation,15,45,643c39ac4b4e6f59fefab5e58fea05c2dd59f4f36cc825a123ca08274ba580f4,snap_twitter_tar_parser,ego-Twitter,126067398.0
twitter,twitter_graph000700,700,validation,66,700,82736778f2f5c29699ff0f55e0971f0ef7edecb82d8b007b44926d142aca2d4a,snap_twitter_tar_parser,ego-Twitter,127912925.0
twitter,twitter_graph000701,701,validation,100,454,2214625116768e4458f6b613b8d7ed605bc42488c68f329cd46d16588b2ba144,snap_twitter_tar_parser,ego-Twitter,128135741.0
twitter,twitter_graph000702,702,validation,188,3496,2c0f88197f251ce0bffb8ceafc5d9947238ec1257f1f02d20fcfbde3f33c8d7b,snap_twitter_tar_parser,ego-Twitter,129093262.0
twitter,twitter_graph000703,703,validation,215,4743,98dce34674a5fc5b0b5fa25a3eeb8b9420919927274d7e9a3bff06ae452d9d94,snap_twitter_tar_parser,ego-Twitter,129984134.0
twitter,twitter_graph000704,704,validation,67,147,77c64a1a736d96264a1383886a226401d386d874551d40adef8291db9133f27c,snap_twitter_tar_parser,ego-Twitter,130734452.0
twitter,twitter_graph000705,705,validation,163,1358,60909678dc1b320728e87c2e4f4b3a864ee4194e54372314e8898cf0d8fe1007,snap_twitter_tar_parser,ego-Twitter,132519763.0
twitter,twitter_graph000706,706,validation,217,3061,26c0c13d8e1e7ba15433b128dd513c77ced9e8932c28675c6c1ea14431d39377,snap_twitter_tar_parser,ego-Twitter,133663120.0
twitter,twitter_graph000707,707,validation,101,1777,837f1a4913789625522e89dee99c698237c3f7fdf275f0a3a017208f19d5a82e,snap_twitter_tar_parser,ego-Twitter,134208594.0
twitter,twitter_graph000708,708,validation,248,6518,eb9f72b0d783fb425e50ea51f07e63ab3448c56129659aaca29e99ac8a1c2ef3,snap_twitter_tar_parser,ego-Twitter,134943586.0
twitter,twitter_graph000709,709,validation,189,2617,7b50b3b70e64b3a534e6bacb9de458508e7f9d164d9fb0e96f0528c439b1dba8,snap_twitter_tar_parser,ego-Twitter,135397331.0
twitter,twitter_graph000710,710,validation,167,1389,1e321f18ab13b86ea9841a1babfbd8fd87692a96dfd1af0d495f0cb188ddf618,snap_twitter_tar_parser,ego-Twitter,135605269.0
twitter,twitter_graph000711,711,validation,75,404,e5ae2323eacc45a56c1c0fbfe27c43530a698cb879a6e7e1bc7fa208c2c1f26e,snap_twitter_tar_parser,ego-Twitter,135704499.0
twitter,twitter_graph000712,712,validation,78,586,22ec0e7c614e9be878ce947fd6adda09ed3ff797970ee53ace374ee4f1f942ab,snap_twitter_tar_parser,ego-Twitter,135895585.0
twitter,twitter_graph000713,713,validation,29,223,03362e6d4f1b961ce1ea20692e56587522d781fc7de1ab820a3e76dfeaef2ca2,snap_twitter_tar_parser,ego-Twitter,136341512.0
twitter,twitter_graph000714,714,validation,132,2201,0192567aff3c53f7722a2e813855b877a3ef83d666389adb610d20d33a8f89af,snap_twitter_tar_parser,ego-Twitter,137046366.0
twitter,twitter_graph000715,715,validation,35,299,e7eb74da9cac8fd8efa49bf9949b36b79262fa1c903e7f2d29d6aca25b8c144d,snap_twitter_tar_parser,ego-Twitter,137527381.0
twitter,twitter_graph000716,716,validation,183,1018,589e20566c8f80593af9b2b6144a76443471f13de01dcf5bdf135b89c92041ce,snap_twitter_tar_parser,ego-Twitter,141341662.0
twitter,twitter_graph000717,717,validation,206,2061,90d55f9db03fb187d4efa0158694cce1bc2aead6216015328bca76993f2eeb3a,snap_twitter_tar_parser,ego-Twitter,141488457.0
twitter,twitter_graph000718,718,validation,143,1029,65abe14f6214a77db8b29bf9171a5e28237df8ca5d907a096ff35e037d225cea,snap_twitter_tar_parser,ego-Twitter,143172151.0
twitter,twitter_graph000719,719,validation,63,377,9027ceb48f0ebfeab73ec40483b8885b3e692fb553504ac23eb86072f9061837,snap_twitter_tar_parser,ego-Twitter,143344048.0
twitter,twitter_graph000720,720,validation,154,2332,d5ca5139d78ab0c2e9c5e594cfdec9b2f10ecd702157aba47c7a1772a8f0a7de,snap_twitter_tar_parser,ego-Twitter,143661263.0
twitter,twitter_graph000721,721,validation,106,1749,dc4d5161b533e40768f64b62a897ce4e375269f9b0b6ea54fb62269b209fbe2b,snap_twitter_tar_parser,ego-Twitter,144211337.0
twitter,twitter_graph000722,722,validation,210,2189,411c261514737c2db537ff4a2860824797fc37168bb1b4e7a44c43774e6233a5,snap_twitter_tar_parser,ego-Twitter,144723379.0
twitter,twitter_graph000723,723,validation,73,1283,14a4a497bc92c19d7ab11a3b0d63d21a124add671e764e3c0c4b91f6604be464,snap_twitter_tar_parser,ego-Twitter,145573135.0
twitter,twitter_graph000724,724,validation,185,2206,7cc65901527d5df24c4ecfd70d156206dc287d3ff7391202bb9f2374861c17fa,snap_twitter_tar_parser,ego-Twitter,148519842.0
twitter,twitter_graph000725,725,validation,191,1026,467f79b97298fc21897273cced1238b85bac81cc59610848433922ee9aaa94a9,snap_twitter_tar_parser,ego-Twitter,150402542.0
twitter,twitter_graph000726,726,validation,164,2716,105a0384b26aad2263844ec87f9e144691db6a6570ec153f2a63c7a45f0a31ad,snap_twitter_tar_parser,ego-Twitter,151175266.0
twitter,twitter_graph000727,727,validation,31,310,67d4c1a95279886d3f4261ab1dc5b5c066f30abe80dcedfaef70b8494da54d28,snap_twitter_tar_parser,ego-Twitter,151246522.0
twitter,twitter_graph000728,728,validation,195,6447,6f31ad5a71d64b8ff98740401a709310dec12bb7338ab3bcd86edb764560e568,snap_twitter_tar_parser,ego-Twitter,151495845.0
twitter,twitter_graph000729,729,validation,174,1638,6f55e73a3e6863a8365a3bd34e7a2289bc8a1aa9507d86b5b49793496384066b,snap_twitter_tar_parser,ego-Twitter,152062126.0
twitter,twitter_graph000730,730,validation,129,1861,240d80849507df38045d8114cfd6a6b1322475e814a471d51b095620eb492166,snap_twitter_tar_parser,ego-Twitter,152388029.0
twitter,twitter_graph000731,731,validation,211,2817,a7dbf83838be07c9d3ae5b53e562fd0e06b59bab874a2d4208c346a73f12e281,snap_twitter_tar_parser,ego-Twitter,152435436.0
twitter,twitter_graph000732,732,validation,221,1593,5ca820094a0fbbcfd51e0a5112fdfe5f0fa440ec547a6843ec35e30f13126f0c,snap_twitter_tar_parser,ego-Twitter,153245741.0
twitter,twitter_graph000733,733,validation,80,391,2951a4638bbc4697645d275d5f3d95ed5c3a07c885db4e4e9b1429f98f405395,snap_twitter_tar_parser,ego-Twitter,154648125.0
twitter,twitter_graph000734,734,validation,227,3739,8cfab47f8d8529269439f01b89e9e4ea085c088fe5cd199895021b36fd99776f,snap_twitter_tar_parser,ego-Twitter,154701532.0
twitter,twitter_graph000735,735,validation,204,5327,f7ecdc956b96803c3750d6ec73af1937bd18f274fcd0f218b5eb2feeca098507,snap_twitter_tar_parser,ego-Twitter,155661154.0
twitter,twitter_graph000736,736,validation,194,2788,4ea43f6f765a7117738dd975a4819f9bf7995ba8d572d5d8b4085568005bb9a7,snap_twitter_tar_parser,ego-Twitter,155689319.0
twitter,twitter_graph000737,737,validation,135,1797,8ab5a625a11997a8d2cdfd1e634c932aec7b30ceed663a639ff49d1e33535d56,snap_twitter_tar_parser,ego-Twitter,155976326.0
twitter,twitter_graph000738,738,validation,36,106,7a8b2b33224edaed53717161d0c8af57b0b5c4b103da3878395a44f2b668955d,snap_twitter_tar_parser,ego-Twitter,157488488.0
twitter,twitter_graph000739,739,validation,78,1093,eb39df0aa6007f517b03ff2986d060f9a4426dd191d1fc922d55efb9d7599a88,snap_twitter_tar_parser,ego-Twitter,158414847.0
twitter,twitter_graph000740,740,validation,195,5410,a11d6831a427ab1be6bde08808850c8dc53eee6ddff9bb2d88dde98184a4105d,snap_twitter_tar_parser,ego-Twitter,158419434.0
twitter,twitter_graph000741,741,validation,111,2373,f8a991b5585d41ff948501a831687d77ec72e99776af18c6766fd0a14a113c5a,snap_twitter_tar_parser,ego-Twitter,158874150.0
twitter,twitter_graph000742,742,validation,212,4158,4857ea6fa9454ad9cd8f49eaac0b634839a18d2ef08f160b1993ce75f92a58fd,snap_twitter_tar_parser,ego-Twitter,159588456.0
twitter,twitter_graph000743,743,validation,193,3598,864a781d96a1d6aa51ebcc053f98c08b45f526086de7de3ba69db165e827da48,snap_twitter_tar_parser,ego-Twitter,159629146.0
twitter,twitter_graph000744,744,validation,161,5150,3763befb2881d0563aeaa27f28b0cd382e2e1c4f0dc6f36cd65499df58c18b51,snap_twitter_tar_parser,ego-Twitter,160237722.0
twitter,twitter_graph000745,745,validation,73,687,999b6b95d0c9193f80a44e8c3e2288031a142e418b3903dc6fc703f6ab6e2ec7,snap_twitter_tar_parser,ego-Twitter,160839015.0
twitter,twitter_graph000746,746,validation,165,1479,1e7cc735c8aa7267b5655e95c4fc5c246e126b89e01b52cd521e1f74bf97a122,snap_twitter_tar_parser,ego-Twitter,163374693.0
twitter,twitter_graph000747,747,validation,165,2436,a961bd5bdbc6d95bfff9ed89bf6801f81190ec50f2d17fa5c965943ec882b6e3,snap_twitter_tar_parser,ego-Twitter,163491360.0
twitter,twitter_graph000748,748,validation,172,1987,e2af2454cbe7efb0427b0ab5723dac3bbb4dd22d47dd073840536f4575147882,snap_twitter_tar_parser,ego-Twitter,163629705.0
twitter,twitter_graph000749,749,validation,220,4130,0e57071a5be18a5d8f607cb4bc534f42ef2b0ac2c4d9086d75b9c5e5893780e2,snap_twitter_tar_parser,ego-Twitter,163674521.0
twitter,twitter_graph000750,750,validation,59,593,a6c1821ed5c01db8df1bef8c4c47c413a369b828de73bdbd680b8e92baf90d67,snap_twitter_tar_parser,ego-Twitter,165580617.0
twitter,twitter_graph000751,751,validation,178,3257,dcec26a78d254412011de4e6f4cd2f891838ca08caf5619c9b7a8118d63269a8,snap_twitter_tar_parser,ego-Twitter,165598423.0
twitter,twitter_graph000752,752,validation,238,2144,c44f2ec837f540a9df246ce81d12f23a819ee06d07dec949970c43a1384dd5a9,snap_twitter_tar_parser,ego-Twitter,165786567.0
twitter,twitter_graph000753,753,validation,238,5329,587ed234c3aadc627c4e0d9001fa4a0b23f17726d09875f3e62530b0ced8dc7d,snap_twitter_tar_parser,ego-Twitter,166214735.0
twitter,twitter_graph000754,754,validation,96,1128,7a57ea3bccd33018d282848978a5c4d880683daf511a7e6d131979e9efffc78c,snap_twitter_tar_parser,ego-Twitter,166252256.0
twitter,twitter_graph000755,755,validation,35,269,fa50c5a046108b454b559bddae40fb641eabfb91a30102924f34b31c526a29ba,snap_twitter_tar_parser,ego-Twitter,167901620.0
twitter,twitter_graph000756,756,validation,192,3381,97b01b357879fc6e62ec5a619b75136f353ead9624ca2c75b177174566cce8fd,snap_twitter_tar_parser,ego-Twitter,168224294.0
twitter,twitter_graph000757,757,validation,84,898,47869c281df8f4d2b569b9b25162189e142b823199259babb30153908e92a105,snap_twitter_tar_parser,ego-Twitter,168537920.0
twitter,twitter_graph000758,758,validation,212,5373,06269922cc938ca766aaa176d8d6a4a2132da4509cc89d72718686f01de54857,snap_twitter_tar_parser,ego-Twitter,169216507.0
twitter,twitter_graph000759,759,validation,231,3406,2d5ec968b5490b75a6a9be55b4258f45f759676a822f3cc2a156864fc033042f,snap_twitter_tar_parser,ego-Twitter,169780164.0
twitter,twitter_graph000760,760,validation,130,2021,6aac6b6b6895501a3cd72fef16d1c8c5fede897a72cf20b95f16e9e313dd34c5,snap_twitter_tar_parser,ego-Twitter,170167167.0
twitter,twitter_graph000761,761,validation,248,5876,5c8b330578269d1f0855fa2a2575d003fa6ddb84ebe5b303d728492f0c3d5435,snap_twitter_tar_parser,ego-Twitter,170729553.0
twitter,twitter_graph000762,762,validation,174,3891,7b9141b564644b254804a933096053a2f8df1b880d247ab5dd695fa48833ab84,snap_twitter_tar_parser,ego-Twitter,171202083.0
twitter,twitter_graph000763,763,validation,94,274,d0717c465895c95220d08ab5cd26b62da4331e4d11a0f4409f0d1d7a48627e72,snap_twitter_tar_parser,ego-Twitter,171536167.0
twitter,twitter_graph000764,764,validation,229,3026,044e8eaed00d2d60dab82baa041764c5f051bb46d185920b37aac6100dee7321,snap_twitter_tar_parser,ego-Twitter,174285878.0
twitter,twitter_graph000765,765,validation,203,1354,fbfd047e5a68d6d50bc07278254070164537f48548d20b6824bdcb396f44442c,snap_twitter_tar_parser,ego-Twitter,175529494.0
twitter,twitter_graph000766,766,validation,202,6200,b9d651e8300084853665db59df02910878cad9aca59635fec279b9629bc7889c,snap_twitter_tar_parser,ego-Twitter,175553601.0
twitter,twitter_graph000767,767,validation,226,4181,2472182d434d7ea49a14b0d1a6722b2c4244524f87b42479c376836ec608139a,snap_twitter_tar_parser,ego-Twitter,176310143.0
twitter,twitter_graph000768,768,validation,26,227,5b4aba24178c28b3248e0cff8a4596fd32197081018bd6e87c5f53bf625523fa,snap_twitter_tar_parser,ego-Twitter,176589903.0
twitter,twitter_graph000769,769,validation,43,220,464159710ca9fdff7305011db54ef3eee9e239e53e4bf527f992869fedad368c,snap_twitter_tar_parser,ego-Twitter,176872879.0
twitter,twitter_graph000770,770,validation,18,48,4bbad4b1b635610b6cbf877bcdceea1d19a1723bd058a6de75d0b1e07f126592,snap_twitter_tar_parser,ego-Twitter,176936249.0
twitter,twitter_graph000771,771,validation,108,770,427f99e600325dcec4ea0e3b577f501cb9c78a09288dcbf5062c4bf40e493699,snap_twitter_tar_parser,ego-Twitter,179065820.0
twitter,twitter_graph000772,772,validation,131,1556,4219c4c4c99e0e9d048f511424ffab29fdf29bd5c4c6eafc9211b3b2a8e1d70e,snap_twitter_tar_parser,ego-Twitter,179138862.0
twitter,twitter_graph000773,773,validation,163,1311,e6b91b76e84b62b0e72369edf7adb8cb706dcbcdb4b3f0eb7f1c1271b65e5b21,snap_twitter_tar_parser,ego-Twitter,180540375.0
twitter,twitter_graph000774,774,validation,31,226,271d399aee0a2df433de7891c2cc99cf901a3e1d3e2c47d07ff8aa91d9a089c6,snap_twitter_tar_parser,ego-Twitter,182609394.0
twitter,twitter_graph000775,775,validation,157,3708,72f70e67e3ac11c67831cbfcd6d026c8c2d7107d5be605cf54fd9d5b9f58ec29,snap_twitter_tar_parser,ego-Twitter,183786731.0
twitter,twitter_graph000776,776,validation,171,2641,e4baec60ffda66c65dcacf000b841fd5c2985adc34a3323b295f0f46bf6edab0,snap_twitter_tar_parser,ego-Twitter,184391654.0
twitter,twitter_graph000777,777,validation,189,3759,0103b21aa651d7055632985e33af89c0c0c6b234b03959eaff73c6a8e37b36c8,snap_twitter_tar_parser,ego-Twitter,184594566.0
twitter,twitter_graph000778,778,validation,92,532,306e4e418a7d195c49aecdfa7726c53265e0c995bacf5ed7f3ebf2f3873a218c,snap_twitter_tar_parser,ego-Twitter,184755890.0
twitter,twitter_graph000779,779,validation,98,2255,f18a5321ca7e3de9706b1462d17a917f15469377f1e58cbc85a203f55f1c1c54,snap_twitter_tar_parser,ego-Twitter,185512077.0
twitter,twitter_graph000780,780,test,74,888,1eb5211e20e51334db3e0eccf4a056da95bd72acde05185318025fe18a79a24f,snap_twitter_tar_parser,ego-Twitter,186354564.0
twitter,twitter_graph000781,781,test,177,5013,1502fbb1d68e4d4168f0d1bd2136d750dfff5f59070ad4e32ba6cbcd87cd409e,snap_twitter_tar_parser,ego-Twitter,186909156.0
twitter,twitter_graph000782,782,test,236,3158,9c9d8edbf948c9739130271bb7ec069a028e06a9b723ff3c14448b2fb5c10573,snap_twitter_tar_parser,ego-Twitter,187569483.0
twitter,twitter_graph000783,783,test,222,6392,29ea19f143de156211e4fbcf4e33adb1fdfaa9e61ceddc0172818280135a282a,snap_twitter_tar_parser,ego-Twitter,187744415.0
twitter,twitter_graph000784,784,test,123,2665,2fe55bc4d1f09b2865b54ceb40b614a79064e0aa401cb6cfdc1fe06566b68427,snap_twitter_tar_parser,ego-Twitter,187773078.0
twitter,twitter_graph000785,785,test,152,3742,d24acf5f39272e69e6942e884051680052f1d56a74298a23d99525cfc683b677,snap_twitter_tar_parser,ego-Twitter,188102842.0
twitter,twitter_graph000786,786,test,189,2740,5d262f95acc98f4a6eaed81abe077708d084ef8862ec861da89e41fa730ef5d3,snap_twitter_tar_parser,ego-Twitter,189111957.0
twitter,twitter_graph000787,787,test,107,1966,af864ce22972f843c6696601480f0f64d566cb551c574737a256e72b36ed2b44,snap_twitter_tar_parser,ego-Twitter,189253902.0
twitter,twitter_graph000788,788,test,80,433,a6049d035a867d6a2d25db60b7b5de972e92eb01cd15ff17cd081f2885b9b699,snap_twitter_tar_parser,ego-Twitter,189592841.0
twitter,twitter_graph000789,789,test,185,4212,9f43f06fca2fce4c1878b5454705f84bd4614d243edd861429696f5a0bf8d89f,snap_twitter_tar_parser,ego-Twitter,189875309.0
twitter,twitter_graph000790,790,test,144,2202,32add4134883e1a4bd6530f0f2d1958ab5276aad5aa78c618dd74af78983ca35,snap_twitter_tar_parser,ego-Twitter,190138306.0
twitter,twitter_graph000791,791,test,187,1966,080006007b6a5225b2468e803c9a46f680c7b5cf8fbd51ebeca5b16da99f3ad8,snap_twitter_tar_parser,ego-Twitter,190696559.0
twitter,twitter_graph000792,792,test,61,443,6d751506aafe50f8d11c51fbdbccbd73505aeddb5990e04de67c89360e82928b,snap_twitter_tar_parser,ego-Twitter,191896931.0
twitter,twitter_graph000793,793,test,70,399,06f33e9305a207df18667c8daeab6c019844a585b171892ca0bc5ca7a8c865c2,snap_twitter_tar_parser,ego-Twitter,191916463.0
twitter,twitter_graph000794,794,test,80,971,d7c8fea8bab985d56cf59729b4d68b1c796f2ae141b1581afc06c393f217b1e5,snap_twitter_tar_parser,ego-Twitter,191924526.0
twitter,twitter_graph000795,795,test,227,5949,d3dc4761b50889bfed52603594c7fa1f137f1e775ed7df80230f808ff171c003,snap_twitter_tar_parser,ego-Twitter,195475105.0
twitter,twitter_graph000796,796,test,147,1306,73e08170f8c98048c2c2bf42e5f5d192577027602209319cc452e2885075e00e,snap_twitter_tar_parser,ego-Twitter,196926575.0
twitter,twitter_graph000797,797,test,138,2005,86f98a824ae404ea22fe0ef5664b8bad1507a4856c3fee320e1973b8701d237c,snap_twitter_tar_parser,ego-Twitter,197577781.0
twitter,twitter_graph000798,798,test,135,1635,4d1d1d02ba17824ab6d1be9c22f4bb8ccfadab0d73b38dda7d9f397cfdbc9686,snap_twitter_tar_parser,ego-Twitter,197602850.0
twitter,twitter_graph000799,799,test,41,149,de4b6b0c20d0a84a670795f46ecf0683b4ee8510a0b86295cb7212af3bc7ead1,snap_twitter_tar_parser,ego-Twitter,197731654.0
twitter,twitter_graph000800,800,test,189,4695,a5e75f8e96fa4f6372e16bad0314ce83e9196631847058e341a50f02791f3e84,snap_twitter_tar_parser,ego-Twitter,197903282.0
twitter,twitter_graph000801,801,test,194,3606,39feb9c2ae10d689fc385dda8b93d21683b7f9feb6a2f32e133be1fcdac9f269,snap_twitter_tar_parser,ego-Twitter,198327282.0
twitter,twitter_graph000802,802,test,37,235,b5bb2f228119499846ce3f690825397f0820a58881a6b1c73b7b9e7d5cb2389f,snap_twitter_tar_parser,ego-Twitter,198370650.0
twitter,twitter_graph000803,803,test,71,724,d078d8442cf5d64da642c485ebc96ee2da976dfb2e9835e96456ea44a5a9c10d,snap_twitter_tar_parser,ego-Twitter,198628427.0
twitter,twitter_graph000804,804,test,216,6413,ab299ba7f62212a624cb87c58720615204756f7845464bf1740a48013d288aa5,snap_twitter_tar_parser,ego-Twitter,198941747.0
twitter,twitter_graph000805,805,test,227,3334,b5253dbc244bdfa2676d04d0b6908a94fe3ddd75ea2b48f795d07758aac0f8de,snap_twitter_tar_parser,ego-Twitter,199039532.0
twitter,twitter_graph000806,806,test,110,838,2dca9c193865230c989b229b7bb9eec41e7492464d186aaa672f19f92beffbc9,snap_twitter_tar_parser,ego-Twitter,199483163.0
twitter,twitter_graph000807,807,test,184,6722,173dfa4b719740e5cb3c5ae3e27a75acc5a48a386d2f5e23fd0bb6f77430966f,snap_twitter_tar_parser,ego-Twitter,200214366.0
twitter,twitter_graph000808,808,test,187,3195,e2ab7ba1e0d82dddc271ad6e99574b26b92f4d7698b9325258881c70bed42ba9,snap_twitter_tar_parser,ego-Twitter,200494218.0
twitter,twitter_graph000809,809,test,222,4581,f05b6602471fcb7385f67db40c5f77da7427fa64001da64f1affc7d82c1e1970,snap_twitter_tar_parser,ego-Twitter,202114894.0
twitter,twitter_graph000810,810,test,194,6036,15afe4a3fa7fca683f0172f564488cdc7d44cdbd8c13ca884855e4ecc6f68f5d,snap_twitter_tar_parser,ego-Twitter,202195505.0
twitter,twitter_graph000811,811,test,99,693,1c6c6fd6bee3ecbf9f508eec032b0dd245de92c5733f44cf714d2d05613b911b,snap_twitter_tar_parser,ego-Twitter,202346485.0
twitter,twitter_graph000812,812,test,70,533,3ea8f5c4b2345fd1a11b174acf152fdc5b58709b52a316c68d6cc5d3edbf65ed,snap_twitter_tar_parser,ego-Twitter,203868162.0
twitter,twitter_graph000813,813,test,99,1274,1b29e8a199c2fef798e0071d90015e73b543b2e829c23b520f66bce181e7f08a,snap_twitter_tar_parser,ego-Twitter,204145356.0
twitter,twitter_graph000814,814,test,77,1094,efbab0c8bf9c807fd2b2e55f1240b1d40596834ecec5ef4cae4783005d72acaf,snap_twitter_tar_parser,ego-Twitter,204646586.0
twitter,twitter_graph000815,815,test,233,6557,f7e42165bb4a19928dd8d0049b967a8f96402d23c925d6772db749b4eea95c81,snap_twitter_tar_parser,ego-Twitter,206923844.0
twitter,twitter_graph000816,816,test,52,204,fa7e7744e31e8a2085c46f7b3e57dd2838b11cb5e07ec1c4a12cefa99b92614e,snap_twitter_tar_parser,ego-Twitter,207594668.0
twitter,twitter_graph000817,817,test,26,282,f08796be9e9a8d32897cbac39ed53e349172007dbe7cfd9e81ffe4b309b0f8f4,snap_twitter_tar_parser,ego-Twitter,207936757.0
twitter,twitter_graph000818,818,test,178,4376,89a49593c9f0db82034b4d6a7148cf4ceff3b63c6117efb395d4f4f96f1a968a,snap_twitter_tar_parser,ego-Twitter,211547273.0
twitter,twitter_graph000819,819,test,132,2835,4c0b03249bc63d862dd63eeb6a034285490b0e0d0e16a5598eeea16c52f722b9,snap_twitter_tar_parser,ego-Twitter,211933541.0
twitter,twitter_graph000820,820,test,147,1431,543a5a3c490a5f129c78494011847e51255c41193434f6c79f1b631380e12b0c,snap_twitter_tar_parser,ego-Twitter,212642904.0
twitter,twitter_graph000821,821,test,86,350,44b45fa9dc1d047afcaf3a9785999b1681a6716ab95843ab1586a03f1a3d9cda,snap_twitter_tar_parser,ego-Twitter,212718048.0
twitter,twitter_graph000822,822,test,11,33,ec382cce91e825088eb70772140c2a9fa493820259f0062eab6d7505311ae823,snap_twitter_tar_parser,ego-Twitter,215328630.0
twitter,twitter_graph000823,823,test,11,38,9aadbf582b6b1fe6a55c344087c69c576b35da1fa57e57b5ace8edf5618a140f,snap_twitter_tar_parser,ego-Twitter,215824411.0
twitter,twitter_graph000824,824,test,196,5301,d66f97c9ffdf800e0635288ce59ec4c037438d6f6cb676aa9e52c579e95889ae,snap_twitter_tar_parser,ego-Twitter,216843160.0
twitter,twitter_graph000825,825,test,185,8549,468478065b1a001c4b53efa202d71ff8b9bca1e903df14468b10dc22b09e2d2c,snap_twitter_tar_parser,ego-Twitter,217796457.0
twitter,twitter_graph000826,826,test,95,813,a1dac4e42e1518e3f46c23179a609d435bfa32e92fdcefe2390418a417e5f7d3,snap_twitter_tar_parser,ego-Twitter,219365298.0
twitter,twitter_graph000827,827,test,176,3200,a5515975c977017d1611482b47170eefd341b00626fa45b96196c0e0609a254d,snap_twitter_tar_parser,ego-Twitter,222090651.0
twitter,twitter_graph000828,828,test,141,3230,36a380e9de8ba10ef7f1264954dbab27de290dfceaba5c437d74bb92e1271895,snap_twitter_tar_parser,ego-Twitter,224581852.0
twitter,twitter_graph000829,829,test,86,1214,a9bc74a804bb311900574cca95b089b8ee61c7b0876773d26e41ff25bcdf0f11,snap_twitter_tar_parser,ego-Twitter,225302763.0
twitter,twitter_graph000830,830,test,202,3863,447537cb1dbb4c35fa2c1d3340807fbb50ff708d9e2775532017b3b6ce89ea31,snap_twitter_tar_parser,ego-Twitter,227650565.0
twitter,twitter_graph000831,831,test,55,344,2cd6274e2b6acef679177748d02c20254d9aa46bf16cb0c2df42fbaf9e5eb4a2,snap_twitter_tar_parser,ego-Twitter,227785045.0
twitter,twitter_graph000832,832,test,144,3040,4c303cb37f0d6267723c2765b1bf2f88b0bc4b001f4868f51f0a6b244bae49d0,snap_twitter_tar_parser,ego-Twitter,228270980.0
twitter,twitter_graph000833,833,test,114,3443,441332fdade81aaa0cdd8a72ac0baa858d4f6b640d62ff25b979e7158a59b349,snap_twitter_tar_parser,ego-Twitter,229425177.0
twitter,twitter_graph000834,834,test,117,2410,88b60e26e497ecc28eb25ae5dea17e491c6cfafb34d39635e10f46254f4eae87,snap_twitter_tar_parser,ego-Twitter,229741646.0
twitter,twitter_graph000835,835,test,68,544,5cde7a6fde97d6b659c6fa577bced7dc02700d438b4f2c0ac7e6e8f727787ed7,snap_twitter_tar_parser,ego-Twitter,229969377.0
twitter,twitter_graph000836,836,test,186,3680,f36c41f004eeabd8808cb9bcdbc5f66a16704b8accbe010426dd0604f7c5f367,snap_twitter_tar_parser,ego-Twitter,230601773.0
twitter,twitter_graph000837,837,test,79,2300,6ac047504e63693a0ce27289d0415d80f5dcddb5f12a4c42832ebf8c8cdb0be0,snap_twitter_tar_parser,ego-Twitter,230880104.0
twitter,twitter_graph000838,838,test,152,1502,d649e389fe91cb726cd157fa8ffc263ef24b540a329b8bb846ee4045fca13f51,snap_twitter_tar_parser,ego-Twitter,232006900.0
twitter,twitter_graph000839,839,test,160,2610,9f7b0c455217406d32cdcf600984505785a205fecbf5d75d595bd98cf0edb8d6,snap_twitter_tar_parser,ego-Twitter,232706326.0
twitter,twitter_graph000840,840,test,167,3816,af8a8baa5ca9cbbcbefa4dee00fbbf5498af2c848dece092721098485dfc5186,snap_twitter_tar_parser,ego-Twitter,233598791.0
twitter,twitter_graph000841,841,test,231,3124,da75ba32c49334f5346fd666214eb8596b17245f4a0415e3d42f5188e6c5aac6,snap_twitter_tar_parser,ego-Twitter,234169190.0
twitter,twitter_graph000842,842,test,126,1662,0971b1875924fbe23dec0c0a32652a20f6102312f800329d1b8c0965137d9c85,snap_twitter_tar_parser,ego-Twitter,235219400.0
twitter,twitter_graph000843,843,test,64,629,282bf0721faf7874f4199f3c5cbc9b320c1b762ea257d919906f322f54b30758,snap_twitter_tar_parser,ego-Twitter,237019614.0
twitter,twitter_graph000844,844,test,91,553,2f572475868fa8b8e7359b8fa9f613c5d275a2fbd5387c43f158bc502b25d2b8,snap_twitter_tar_parser,ego-Twitter,237049769.0
twitter,twitter_graph000845,845,test,43,224,b777cb6d1f7d94559c0124ec3510516190c12e1f6a0d28b88df055122d993467,snap_twitter_tar_parser,ego-Twitter,237845487.0
twitter,twitter_graph000846,846,test,189,1021,65392b23a9b981779d784a950e7873ea777077e5180dfea0252084fd2b2ac769,snap_twitter_tar_parser,ego-Twitter,238264600.0
twitter,twitter_graph000847,847,test,178,2640,afb7baddb7954a898ddc6877e90ce51f2adc1572d5d1920c50dd742b55bcea6e,snap_twitter_tar_parser,ego-Twitter,239141315.0
twitter,twitter_graph000848,848,test,185,2068,6f668afe496c5c9549b39c8ea79fab6ab2e5667eae025fd2af612277e2b75470,snap_twitter_tar_parser,ego-Twitter,239434259.0
twitter,twitter_graph000849,849,test,180,3582,6d6efb34ebf5cb3ba2479dd18ae11c068cc42d8dbb4b8de2a0a7320f93ea010a,snap_twitter_tar_parser,ego-Twitter,240740059.0
twitter,twitter_graph000850,850,test,18,70,7779270b515d84b5b71d715d992b5fd0be9c9d335f73d50a815f3f6f45ecef31,snap_twitter_tar_parser,ego-Twitter,241635675.0
twitter,twitter_graph000851,851,test,121,2427,2cbe1f14b04518ac6494dfec8a725515531fdb9834e881a0df55493becc1ae08,snap_twitter_tar_parser,ego-Twitter,242013901.0
twitter,twitter_graph000852,852,test,150,3322,aaf1151b6565f08e7ad24450b9b7801b43ff1d99651bb227c6fc3cc74c198952,snap_twitter_tar_parser,ego-Twitter,242024994.0
twitter,twitter_graph000853,853,test,142,2043,c613d2609cca10e4d1932e6b4f5a4961ffb8c5f6c50a588dd0f86ff5d9c606f5,snap_twitter_tar_parser,ego-Twitter,242073660.0
twitter,twitter_graph000854,854,test,178,2646,f147480d15534346ddb45c0fb610f3e43849e7d0763e22f42c7729bedfa7a1da,snap_twitter_tar_parser,ego-Twitter,242479442.0
twitter,twitter_graph000855,855,test,51,877,f145ccb15a8eb79fed6fad0a755f7646932cf302ca24164c4529298e2d6caeb0,snap_twitter_tar_parser,ego-Twitter,243267948.0
twitter,twitter_graph000856,856,test,180,2127,0152fb3dd87dda816b6ed17f726bac5fc499b836e312b2543b5371163213234f,snap_twitter_tar_parser,ego-Twitter,245639401.0
twitter,twitter_graph000857,857,test,169,3027,a69e73e7e4d8f3a4d9ddde4a01f6722f0fed13eb7af560a7e5dc257bdc716fd8,snap_twitter_tar_parser,ego-Twitter,248224845.0
twitter,twitter_graph000858,858,test,81,590,0333ab714ab0fd49cdf8628fa0b8b83c9298be7bf7736cf212402f4882e49784,snap_twitter_tar_parser,ego-Twitter,248523038.0
twitter,twitter_graph000859,859,test,185,6393,b4b4a8ae3d45f0d08da4390ef46abd3e20edc7af7935c9a2e9a57f2790fa28dc,snap_twitter_tar_parser,ego-Twitter,248883350.0
twitter,twitter_graph000860,860,test,175,3661,8c8c16d016517d9acfe545caf0891faa324abf8df29adf834bad967434d927e9,snap_twitter_tar_parser,ego-Twitter,248916246.0
twitter,twitter_graph000861,861,test,136,1762,468e960a09be7ebb7e7d9b7c085566ba17a23158210dc958a8dae0fa23441de2,snap_twitter_tar_parser,ego-Twitter,249829509.0
twitter,twitter_graph000862,862,test,39,220,998851e6550ac6ec8851ee5deef52528f8922f3de344739768d93d9774cf4bd8,snap_twitter_tar_parser,ego-Twitter,249831237.0
twitter,twitter_graph000863,863,test,76,1258,418bd4c42ac2ae82f669669d1768eaec11075b9479bebaf1cab3e4c780711ffb,snap_twitter_tar_parser,ego-Twitter,250340951.0
twitter,twitter_graph000864,864,test,157,3413,4033f5030874367cdc1d4136515bd4dd9003047cb6ac9d8c5489ab25ff639f4f,snap_twitter_tar_parser,ego-Twitter,250447400.0
twitter,twitter_graph000865,865,test,149,1185,264ecfb1a6fcbd01dcce2604004412047c031297957bd71d111cb3ca5aca0f52,snap_twitter_tar_parser,ego-Twitter,250900294.0
twitter,twitter_graph000866,866,test,199,3423,6074750c563005c0f59345dd38bd69a918c28c3eebf11d7fdd6168b289d98508,snap_twitter_tar_parser,ego-Twitter,252415267.0
twitter,twitter_graph000867,867,test,220,1634,fa0f5e2c7a17bca77a5583d81500963c062f21fef66a23e46ac4abde2c72737a,snap_twitter_tar_parser,ego-Twitter,253360762.0
twitter,twitter_graph000868,868,test,134,871,940058363fbdb22e9226bb28212ce3fad88054c67ec8316ead56053d21ad267d,snap_twitter_tar_parser,ego-Twitter,253751053.0
twitter,twitter_graph000869,869,test,62,446,86d643eabcc1b7294a314c7ba400c1269d709524f5bb249e6e746bb068a50c01,snap_twitter_tar_parser,ego-Twitter,253863144.0
twitter,twitter_graph000870,870,test,206,1675,3c81b735bac85329f39c800387217558ae16e2aee8a0c98bd846532cad30e1ae,snap_twitter_tar_parser,ego-Twitter,254883790.0
twitter,twitter_graph000871,871,test,200,5523,6bb8327d066af2a00d87c2458eca9e1f5fb80fd6987617221ca68ca74898fec9,snap_twitter_tar_parser,ego-Twitter,255790981.0
twitter,twitter_graph000872,872,test,214,12387,4209fca9d1d87ee9b0be0f3688db30c823e593e4a7f0d310ff1483e3d5862de1,snap_twitter_tar_parser,ego-Twitter,256497288.0
twitter,twitter_graph000873,873,test,178,1438,91e020ddcf89f814074aa61f8695ec94c44b1ed8c1fd4ad2d60efe052a9b4986,snap_twitter_tar_parser,ego-Twitter,258145892.0
twitter,twitter_graph000874,874,test,64,714,6e7ec297bd5c1d2893832e6984c7874c7636d2d48ac1df1ee27487b9906aba39,snap_twitter_tar_parser,ego-Twitter,258447233.0
twitter,twitter_graph000875,875,test,15,51,34349047158ee758d7d8d5386db798fdbd146f20758db8fd5e7daecd4472059f,snap_twitter_tar_parser,ego-Twitter,258955239.0
twitter,twitter_graph000876,876,test,171,3666,6f9d4bbe5b52ebd2f4e30de0858230d9b10a7a0b3733347e49cb894526c5ac8f,snap_twitter_tar_parser,ego-Twitter,259288589.0
twitter,twitter_graph000877,877,test,31,125,785b3c15643d700a2469a53b5c9da036dc761a78519551586445d771b522d8c7,snap_twitter_tar_parser,ego-Twitter,259365099.0
twitter,twitter_graph000878,878,test,42,509,ed8019586713ce0fee392d6aa737bde115fc57ee56c48ab35c626a21d9151e70,snap_twitter_tar_parser,ego-Twitter,259884200.0
twitter,twitter_graph000879,879,test,93,825,8aa0339edd95c876308c499ff17e2dd451f03323d0877431156984c1584334f4,snap_twitter_tar_parser,ego-Twitter,261973875.0
twitter,twitter_graph000880,880,test,13,63,1301cf726003c62e59938165ba1813e6eee80fd9cef6f66e0cfd08279e39099b,snap_twitter_tar_parser,ego-Twitter,262310943.0
twitter,twitter_graph000881,881,test,166,1701,6ae0f4d75fef3a1b92e50059a45153d87e43ec2472e10643188de1a791209cd6,snap_twitter_tar_parser,ego-Twitter,263224927.0
twitter,twitter_graph000882,882,test,110,2132,a7c4b7dd51818b40692e1e01738a65e58d9c4ad62e9f7d8ac672a99219ad852b,snap_twitter_tar_parser,ego-Twitter,265077741.0
twitter,twitter_graph000883,883,test,180,1852,a1e9a4a71d4e555b9085d5289f03d669d7224e652fcd9534273a88f3220cd0e0,snap_twitter_tar_parser,ego-Twitter,266464616.0
twitter,twitter_graph000884,884,test,153,2672,1233fd49b9d8f92649c4dac9cb83263ac33e97a656a74a682f81516d12b73d44,snap_twitter_tar_parser,ego-Twitter,267383914.0
twitter,twitter_graph000885,885,test,128,1269,643598e31638412aa52461f4b85d6ea173e5f2ff1e2d2b5a5f0efc9956a62925,snap_twitter_tar_parser,ego-Twitter,268425888.0
twitter,twitter_graph000886,886,test,148,1497,f6707e4770ac7997ffa57c1bd5a212f3264733e0fe9943d97b871a6e377f4639,snap_twitter_tar_parser,ego-Twitter,269485905.0
twitter,twitter_graph000887,887,test,99,753,647c33bc8c2b772e3f54f92d9ad8c33be0a7ed106795643424165568f06625a0,snap_twitter_tar_parser,ego-Twitter,269559495.0
twitter,twitter_graph000888,888,test,70,1311,898052c6de85e12fbcadc0d1725764148f8b554fbe462465322bbf58164b3d71,snap_twitter_tar_parser,ego-Twitter,275686563.0
twitter,twitter_graph000889,889,test,112,1712,30e2b37b91ecd485c5ab8d30075a5f83ed692d155d1c4f1a6629ba736c9cfb14,snap_twitter_tar_parser,ego-Twitter,276128869.0
twitter,twitter_graph000890,890,test,29,161,8f2d808207f16de62afbc2b6ae53226745fdae98ffdbac2520993f0764189194,snap_twitter_tar_parser,ego-Twitter,276843589.0
twitter,twitter_graph000891,891,test,178,3730,1f9ce09ef4a9946f1395f2b7c84e38047cd4a9651c94e3ed035dc11e724deaec,snap_twitter_tar_parser,ego-Twitter,278181157.0
twitter,twitter_graph000892,892,test,80,1666,2537bf6e632011837040a8bf060300a3a6666438236ed8be897b4c709d28596f,snap_twitter_tar_parser,ego-Twitter,278311152.0
twitter,twitter_graph000893,893,test,47,339,8e0be64acd33b7cef3cc9f74a7f942820b543f1f8a7f257f5abe6043c14cff55,snap_twitter_tar_parser,ego-Twitter,279854450.0
twitter,twitter_graph000894,894,test,86,1453,0a9019634c1a237ef96bc803148dd256080b729dd5b6b367ae68f5c93921ec67,snap_twitter_tar_parser,ego-Twitter,280329780.0
twitter,twitter_graph000895,895,test,171,4537,f9a70055d0aeef79fbbbfe6e51521df1c6482a289dbaf119bb880d56c142f0c3,snap_twitter_tar_parser,ego-Twitter,283732062.0
twitter,twitter_graph000896,896,test,186,2973,e1fb60f70ec1db5f3cde3adc9cef20d3ae3b98e6747ccbae96954ba8873afc52,snap_twitter_tar_parser,ego-Twitter,285287229.0
twitter,twitter_graph000897,897,test,37,183,21b7142ea6b7f2c73cdad8a6aa04aa7f9bd64c9dcea93a82659aea72c9f54b76,snap_twitter_tar_parser,ego-Twitter,287519521.0
twitter,twitter_graph000898,898,test,180,1991,9cd0a77a211e78eac9c3164d68071f3152afe988cd498a569eefc9e80af9fb2d,snap_twitter_tar_parser,ego-Twitter,289738351.0
twitter,twitter_graph000899,899,test,240,3221,98f9dc6b951b8a3522efff37672399c56709ff366d39e0d5e868f2284500fc8e,snap_twitter_tar_parser,ego-Twitter,290092792.0
twitter,twitter_graph000900,900,test,91,558,2348437e57d754491af110474f455cd85f8b1a75d26929cb311c9aee9421df03,snap_twitter_tar_parser,ego-Twitter,291403100.0
twitter,twitter_graph000901,901,test,97,1961,e99a41f5c9ff500e261748be7d61782a6bf2659bbec6905376c34b465581259e,snap_twitter_tar_parser,ego-Twitter,292560337.0
twitter,twitter_graph000902,902,test,81,782,ebc6d8316715d3e504860ffdb62fc991de831d3b3bee3d6d744b247b595af685,snap_twitter_tar_parser,ego-Twitter,296218728.0
twitter,twitter_graph000903,903,test,49,448,252a3369bcb27cc01825c6f0fdc85ca5315429baf04ff4d357f3bf87ce96963f,snap_twitter_tar_parser,ego-Twitter,297985585.0
twitter,twitter_graph000904,904,test,139,1983,42daa32e281fd97d86ea9d0befbf7838a331d27b05db399f431704b6461cf2b0,snap_twitter_tar_parser,ego-Twitter,298038575.0
twitter,twitter_graph000905,905,test,190,4083,9df58bc984853164ac483445139d4c44a9374b0ac6175af9e46b2c26622fed16,snap_twitter_tar_parser,ego-Twitter,300842571.0
twitter,twitter_graph000906,906,test,122,3897,831e7f4c60ce345b998049dd57d1e093c15f520bed0f25cadeb048d4219abef2,snap_twitter_tar_parser,ego-Twitter,301297627.0
twitter,twitter_graph000907,907,test,123,2260,958f527e2caffa62d2dc96930874caa1859d108d7020d1a5720a25839b0334e8,snap_twitter_tar_parser,ego-Twitter,303886358.0
twitter,twitter_graph000908,908,test,233,6267,f5b4766cf26b8615fed501600e179452b5e0e39b2bb65ea9d13148bc12be1e14,snap_twitter_tar_parser,ego-Twitter,306445007.0
twitter,twitter_graph000909,909,test,229,7249,5bb1280af6d726bf202d66594e0ac128702b97a62d8ac7062698aaa0176ca7f1,snap_twitter_tar_parser,ego-Twitter,307458983.0
twitter,twitter_graph000910,910,test,29,130,5a6d99fe4c7fe9161364c3e69179559e5ac48615ea87255882cd8a895281ec91,snap_twitter_tar_parser,ego-Twitter,307478701.0
twitter,twitter_graph000911,911,test,129,922,08f063a51aec5737b1052e8d36e33c2730205de049063a328d6ce6bbc3364cde,snap_twitter_tar_parser,ego-Twitter,308220010.0
twitter,twitter_graph000912,912,test,138,1011,2e371584f5afe8659b59a21547b893100e39e620fb859164a5339e00750571bb,snap_twitter_tar_parser,ego-Twitter,309096216.0
twitter,twitter_graph000913,913,test,36,218,55dded1fa201af3bf91afda4b521ffb845151bac9ada1fe67fbcf0e02eafd56a,snap_twitter_tar_parser,ego-Twitter,311227912.0
twitter,twitter_graph000914,914,test,170,2776,d83616a3db0581f1870370b4c4530f67f678b480a032d5c6bf9ad9e1ba15f255,snap_twitter_tar_parser,ego-Twitter,312284236.0
twitter,twitter_graph000915,915,test,227,3379,0517e6b2241c65248af3dd6adb671085f9d474965f5ecefaebb0d26aa385721c,snap_twitter_tar_parser,ego-Twitter,312805417.0
twitter,twitter_graph000916,916,test,176,1434,957ae7a9c2f5549c265367aec22cc9e58817f36689b703b8b1eaf7dddc3fb8ee,snap_twitter_tar_parser,ego-Twitter,313359626.0
twitter,twitter_graph000917,917,test,104,1122,49ccf9c788e27e32642e38230674144bcaf289c028025564358eae85cdf958ee,snap_twitter_tar_parser,ego-Twitter,314038032.0
twitter,twitter_graph000918,918,test,236,11097,8b2eccaf15db8362356e705807ec7169569abcc5a04965f46770c45f449cc58b,snap_twitter_tar_parser,ego-Twitter,314316607.0
twitter,twitter_graph000919,919,test,63,419,ed44d7ea48b6669f869dd491beb8aa9e736277323c488f001f3a8c8e83023f68,snap_twitter_tar_parser,ego-Twitter,315418321.0
twitter,twitter_graph000920,920,test,205,3465,1b86ab2f845af2e57beddb911003ef07c9274b0b217adf70acc7c944bfd26062,snap_twitter_tar_parser,ego-Twitter,317313520.0
twitter,twitter_graph000921,921,test,99,968,e949983e9049ae65a4d2085a7484cfca3ef2422159004a62c0b7b7cef4092ea2,snap_twitter_tar_parser,ego-Twitter,318760490.0
twitter,twitter_graph000922,922,test,66,158,9c7a4b72087fd53caf53e0e9d5a0b1adbc4c36c7fffe82b04496da9c8ad0138c,snap_twitter_tar_parser,ego-Twitter,320527944.0
twitter,twitter_graph000923,923,test,77,455,b84cb36a1b77f37f1eee90fcd3e052874c044c9721299b8cc024500e473e285a,snap_twitter_tar_parser,ego-Twitter,321620987.0
twitter,twitter_graph000924,924,test,58,566,d751dcce95f8fb0c026cb7eab43a4950f257def285d7d467c6aa50fdbc120497,snap_twitter_tar_parser,ego-Twitter,321652589.0
twitter,twitter_graph000925,925,test,30,193,bd96632e4300ab18629d5063bfe02d97640894c23ed99045f0668245d011758c,snap_twitter_tar_parser,ego-Twitter,324201646.0
twitter,twitter_graph000926,926,test,156,2084,8fbe928365eeae0dd9314b7008fa706063a99dac7ace37899a494dc58e424627,snap_twitter_tar_parser,ego-Twitter,324544865.0
twitter,twitter_graph000927,927,test,180,1946,1ec8bcbd0468dd5e23b3f35120bd29b26a50a1c7a46b8b4bdda3b02555c639a3,snap_twitter_tar_parser,ego-Twitter,326259198.0
twitter,twitter_graph000928,928,test,95,2033,52e3d0907f45ddc6da13f950728e7ff1aa11ccafdf9864488a77a73b9c72e77e,snap_twitter_tar_parser,ego-Twitter,333021748.0
twitter,twitter_graph000929,929,test,18,74,3ab52319b623479213d3cada8054b4d23680b9d48c32ea6ec878a8b2a55aabf4,snap_twitter_tar_parser,ego-Twitter,333881828.0
twitter,twitter_graph000930,930,test,183,1081,aaa9344faf1f3f0edd1e41377f1be5a9a3fbfe7ac9a32f6324d53b9ea4d55332,snap_twitter_tar_parser,ego-Twitter,333966373.0
twitter,twitter_graph000931,931,test,218,3395,1d3841d278e2213b65dc97d08f5796aaf546d2625d151032d3bd55491462f55f,snap_twitter_tar_parser,ego-Twitter,336463060.0
twitter,twitter_graph000932,932,test,192,3229,d29b3f0404428cdfb38c3f221e8c6b0086c401d35c14deedb9f99428dc393aa8,snap_twitter_tar_parser,ego-Twitter,338017544.0
twitter,twitter_graph000933,933,test,151,1897,b6f5889367920d9b87313f3f6d7113a6750735310ba7fcbc91a1a89d221f2d55,snap_twitter_tar_parser,ego-Twitter,344966590.0
twitter,twitter_graph000934,934,test,70,550,c3e26530aa1adb2ed7a7730c3d43cfac48c44676bda27b372cf8b5b04d469422,snap_twitter_tar_parser,ego-Twitter,345569115.0
twitter,twitter_graph000935,935,test,134,2214,3fa260a5c38fc84e145f704867c455a02873a1a0aa11809d69653c7e2d4a2156,snap_twitter_tar_parser,ego-Twitter,348851602.0
twitter,twitter_graph000936,936,test,234,4156,2437fd3165ced0e6e5820b8f19a43a2dbac95a64e7015944b34e3fbc857c2924,snap_twitter_tar_parser,ego-Twitter,351092905.0
twitter,twitter_graph000937,937,test,134,1435,ebff51c00e2a362cdd1e449db06fb57cf5f5af82ecc93ca66b0c060d6abf011f,snap_twitter_tar_parser,ego-Twitter,353767514.0
twitter,twitter_graph000938,938,test,51,392,097ea4191bf592eb3e771d9b4822801588f1c23a7d92248c2c6645c1bf73f909,snap_twitter_tar_parser,ego-Twitter,355823615.0
twitter,twitter_graph000939,939,test,29,65,d773a13280e3c6354f558c5a1c4ca345cb5158a14a573cc9b7a93b6d891d8059,snap_twitter_tar_parser,ego-Twitter,356897757.0
twitter,twitter_graph000940,940,test,52,737,aee656f34de2dfd740b6a3abaefd4b470374c7970a1afcb3978cb09a4ac87978,snap_twitter_tar_parser,ego-Twitter,358845982.0
twitter,twitter_graph000941,941,test,66,447,977c9fc3ea6e2c380e065330bc87859431d67f06ba99dd3b03c48c67a29ac074,snap_twitter_tar_parser,ego-Twitter,359791673.0
twitter,twitter_graph000942,942,test,55,816,9b6b9ddcf553964d04ed72e0911f32d36ca905f67287658f2693fef31357d899,snap_twitter_tar_parser,ego-Twitter,360025190.0
twitter,twitter_graph000943,943,test,82,967,f3b482e76981835b332e45bcfd2eec7fefd2fbc6a7016452f4173eadde42b562,snap_twitter_tar_parser,ego-Twitter,360210947.0
twitter,twitter_graph000944,944,test,39,363,23f9eb90536c929a13ebb34f7b1c791e72ca73537f455e70d980f14ae5592fa0,snap_twitter_tar_parser,ego-Twitter,364664695.0
twitter,twitter_graph000945,945,test,81,449,2881a81cecd921f0246f06cf0fce47879e21bc93abc46087e0ef12bc4fbad64f,snap_twitter_tar_parser,ego-Twitter,368018677.0
twitter,twitter_graph000946,946,test,174,1015,ca615614fa36afe189febd35f2db037bfde70a569869112a55490025c602434a,snap_twitter_tar_parser,ego-Twitter,372765570.0
twitter,twitter_graph000947,947,test,127,605,0d2c9662bde9c7128c603712647506189bd5537e9db11c474655257c533a0369,snap_twitter_tar_parser,ego-Twitter,374007416.0
twitter,twitter_graph000948,948,test,131,747,d0a82927efa2402c5b9ff5b46bcfec166a327092e91ba8cf88ab0a9d08e0dd75,snap_twitter_tar_parser,ego-Twitter,377662213.0
twitter,twitter_graph000949,949,test,204,1217,92a6e70d9063bb4394ed8e8979b9f2de28a7810ff4fbcfefa7f899d45ccb8601,snap_twitter_tar_parser,ego-Twitter,378494343.0
twitter,twitter_graph000950,950,test,61,360,42e31765d82faf5481d2b8c2446b76630ce87ff5f710946410577f22e7ced252,snap_twitter_tar_parser,ego-Twitter,381688396.0
twitter,twitter_graph000951,951,test,178,3597,ff20b4e74dcebcc8b16207def224c4899d56894e17076132a5a35edba72a85e4,snap_twitter_tar_parser,ego-Twitter,382110320.0
twitter,twitter_graph000952,952,test,175,5102,0bb6daccd506c15194343eeeaffc55dbc6d6e2a17cf59256fcdd61cdc037c1ce,snap_twitter_tar_parser,ego-Twitter,384685422.0
twitter,twitter_graph000953,953,test,116,1633,820920f50ea3d2dcbc9c0c229ad0bd86029ec8fa6c7928641384f625a81606cb,snap_twitter_tar_parser,ego-Twitter,384761809.0
twitter,twitter_graph000954,954,test,10,22,071807cfb8349d751752639f3d68d7f0295d8163cdf6963df87f3e02bbf0c271,snap_twitter_tar_parser,ego-Twitter,396721965.0
twitter,twitter_graph000955,955,test,70,582,bae3e3b1306f240cfe408ad13b724a2bf665db17231553e703d0d4d8a6e99004,snap_twitter_tar_parser,ego-Twitter,397688944.0
twitter,twitter_graph000956,956,test,69,1466,3ca3e3a3b8f8dae0967643ff8716b15878369f22dbe99478e5a2496226c92eae,snap_twitter_tar_parser,ego-Twitter,398994309.0
twitter,twitter_graph000957,957,test,48,251,d3fee866a95ba55e81e704fafcec72f4a0764a998fcfa774a82a82f243126cd3,snap_twitter_tar_parser,ego-Twitter,400867704.0
twitter,twitter_graph000958,958,test,85,680,5d15bf74168a2ca1fa751d002ac92aa7d8e95b5523c9914e0c8a6518cc1c7c1a,snap_twitter_tar_parser,ego-Twitter,402970625.0
twitter,twitter_graph000959,959,test,136,1742,21a85f9ed254cb3daf1b0bd822c50b385ec30867388643f328f340c56a9023a7,snap_twitter_tar_parser,ego-Twitter,407769660.0
twitter,twitter_graph000960,960,test,122,1090,780e2771f8d16e9ece20cdbcbed9a5ebf23df0fd1106ca849049cb4b2f6d05b4,snap_twitter_tar_parser,ego-Twitter,414334713.0
twitter,twitter_graph000961,961,test,239,2328,a6cbaa30d43d0dda1d92f5ef60fe0eeb137634871f4a6ee3d36826bea77f9469,snap_twitter_tar_parser,ego-Twitter,423567032.0
twitter,twitter_graph000962,962,test,52,1050,e9d25586c7d06e7aee05d18419bdf17fb8cb5e818b31f3d13cc300e92b73121d,snap_twitter_tar_parser,ego-Twitter,430313102.0
twitter,twitter_graph000963,963,test,145,2882,983de656c4b40c8c9948f7dbd860eff3e1674cde2f84e657d1c59bec3b3ba51e,snap_twitter_tar_parser,ego-Twitter,434433610.0
twitter,twitter_graph000964,964,test,181,4473,9b1a17c2df5927cd54261eb10eeff4a9805f5c5d4ccb51a50b664c6b37bf58c9,snap_twitter_tar_parser,ego-Twitter,437300342.0
twitter,twitter_graph000965,965,test,138,578,71341d129c6bcaa98fb4cdcaff87c83e88a54f0d20814f2d4d0ce471f24004f9,snap_twitter_tar_parser,ego-Twitter,441252694.0
twitter,twitter_graph000966,966,test,67,403,9887abd8ca86e01ece4069829915c10b025e093a509cde445be04ef58af32e98,snap_twitter_tar_parser,ego-Twitter,477094958.0
twitter,twitter_graph000967,967,test,28,246,0160fb244bf5926e6b72adac5e37a54dc7afbb69ffe88a5a68e8b6df74ea8487,snap_twitter_tar_parser,ego-Twitter,484991854.0
twitter,twitter_graph000968,968,test,98,700,bea5ab34cecd49e2e9ec82327fcce5309f2252d5fb43834343e16f548bf15d7e,snap_twitter_tar_parser,ego-Twitter,493138720.0
twitter,twitter_graph000969,969,test,113,632,bb1ca9aff20e65847bf0e5c3c927d6b581abcbe567cbfbc3f5b2c237b327ce85,snap_twitter_tar_parser,ego-Twitter,494538543.0
twitter,twitter_graph000970,970,test,57,169,b67af63db33f64f20ea75614766b0966144ec90d25fc7a38777b5e1a8ad96d28,snap_twitter_tar_parser,ego-Twitter,521489919.0
twitter,twitter_graph000971,971,test,83,1218,1f4333d889080f9133a47b2a7647d1fa8bf36db014d0989738205054a0ef23ed,snap_twitter_tar_parser,ego-Twitter,528575851.0
twitter,twitter_graph000972,972,test,20,71,bff40f1377adfbcf45cc24346b1ef0eb6b3dc8b3da7ab2bee2064883d7ae22d2,snap_twitter_tar_parser,ego-Twitter,532617990.0
twitter,twitter_graph000973,973,test,15,94,5757ef6ad2933beef28276d54d6e323ec9460e0b430c53b3d48c062731db6b94,snap_twitter_tar_parser,ego-Twitter,549089429.0
